;website;domComplexity;cssComplexity;badJavascript;pageWeight;requests
0;fantasticmetropolis.com;100;100;100;100;100
1;writeordie.com;100;100;89;100;100
2;fjale.al;100;100;100;100;100
3;every-layout.dev;100;100;100;100;87
4;craftsyhacks.com;98;100;100;99;100
5;isitchristmas.com;100;100;98;100;100
6;voxviva.app;100;100;100;100;100
7;erikrunyon.com;100;100;100;100;100
8;elvery.net;100;100;100;99;100
9;marketspace.company;85;100;89;-44;89
10;tres.ir;100;100;100;100;100
11;digix.global;100;100;100;100;100
12;alkompis.se;83;100;100;75;100
13;bryanlrobinson.com;98;100;100;100;98
14;docker-curriculum.com;98;100;100;100;100
15;dickflash.com;87;42;100;100;87
16;modmakeup.ru;83;25;63;100;77
17;txlandlaw.com;95;100;100;100;100
18;havaianas.com.br;81;28;74;100;65
19;aussiehomebrewer.com;90;38;98;100;66
20;dailyyonder.com;80;96;100;100;79
21;cpu4u.com;85;99;100;100;100
22;mxvice.com;94;-15;75;100;78
23;thegardeningcook.com;98;79;100;100;91
24;trueid.id;98;100;100;100;96
25;mojaver.com;90;99;100;100;100
26;laitharar.com;97;100;98;-184;48
27;paidviewpoint.com;100;78;99;100;99
28;unitedstatescredit.com;100;72;97;100;84
29;qna.center;99;86;86;100;81
30;drewramseymd.com;93;94;100;100;100
31;punditarena.com;85;99;97;100;80
32;agro.ru;100;90;100;100;96
33;follow.it;100;96;100;100;100
34;espanadiario.net;45;97;99;100;96
35;move.nl;100;60;100;100;100
36;tribunadejundiai.com.br;45;29;86;100;79
37;watcho.com;100;27;73;100;80
38;autosdeprimera.com;90;32;98;100;79
39;timeout.co.il;46;57;86;100;79
40;karvitt.com;47;100;99;100;100
41;fearleeving.com;83;100;100;100;100
42;lunato.net;97;69;100;100;87
43;iranzayeat.com;99;66;99;100;85
44;freecampsites.net;98;94;94;100;95
45;tabtaraneh.net;100;71;99;100;93
46;traveltriangle.com;33;82;100;100;95
47;bikoplus.com;97;68;100;100;64
48;abeconnect.com;100;-7;98;100;100
49;rns.online;98;92;98;100;48
50;blackberrybabe.com;98;94;99;100;85
51;dvago.pk;63;31;39;100;73
52;popularmilitary.com;83;53;59;100;51
53;msngames.online;50;95;100;100;86
54;escaracas.com;99;87;86;100;59
55;coincitadel.net;75;100;100;100;100
56;creebhills.com;60;-55;97;100;84
57;kaigaifxbonus.com;85;31;100;100;89
58;fetedelanature.com;98;48;100;100;86
59;tictactec.ir;93;33;100;100;100
60;trials.report;100;97;97;100;97
61;fxf1.com;100;69;100;100;94
62;crocotube.com;93;93;-182;100;47
63;qtopa.com;100;86;100;100;100
64;ket-noi.com;81;49;86;100;84
65;trodomains.uk;75;99;100;100;96
66;agora-web.jp;55;9;25;100;47
67;fatgirlflow.com;98;82;88;100;82
68;islandwildseafoods.com;95;100;100;100;95
69;cashforscrapcarsautoremovallangley.ca;75;99;100;100;98
70;wmeritum.pl;81;-46;100;100;99
71;ed.team;86;7;98;100;49
72;poeplanner.com;71;57;99;100;100
73;branddigitizer.site;97;76;98;100;98
74;rufflesandrainboots.com;98;86;87;100;81
75;bubbleshooter.net;94;97;15;100;19
76;cinemodern.ir;100;39;86;100;80
77;haberzamani.net;94;99;86;100;79
78;mopesoft.ru;100;47;99;100;88
79;thepressproject.gr;92;29;99;100;88
80;westliberty.edu;85;52;99;100;87
81;loosechange911.com;83;99;100;100;95
82;telpin.com.ar;87;-32;84;100;78
83;fashionunited.uk;100;100;100;100;100
84;md5hashing.net;88;83;74;100;94
85;printplanet.com;88;50;100;100;91
86;alexandrialivingmagazine.com;85;61;86;100;79
87;mcgrp.ru;59;83;63;100;80
88;techxplore.com;97;89;88;100;94
89;karnameh.com;100;86;100;100;63
90;diode.zone;100;73;98;100;100
91;theg7group.com;75;100;100;100;99
92;laws010.com;100;100;100;100;96
93;kari.com;97;90;88;100;76
94;yakimiha.ru;100;97;88;100;83
95;factburger.com;100;100;75;100;84
96;alenavisage.ru;83;100;88;100;9
97;homespunseasonalliving.com;98;67;100;100;90
98;dieneue1077.de;95;100;100;100;84
99;makelife.gr;86;19;72;100;79
100;ischool.co.jp;100;19;100;100;93
101;tucomida.online;87;100;17;100;78
102;caferati.me;97;100;78;100;100
103;paleoleap.com;100;82;96;100;95
104;tavsiyeforumu.com;38;100;89;84;74
105;diagrams.net;97;54;100;100;84
106;bungalower.com;86;-288;99;100;67
107;flybondi.com;87;100;100;100;78
108;thenortheasttoday.com;99;93;98;100;73
109;bjjfanatics.com;-8;-49;84;100;43
110;realas.com;97;99;87;100;77
111;kuchicomichan.com;90;67;100;100;100
112;discoveratlanta.com;87;100;32;68;29
113;khafan.today;100;75;88;100;90
114;i9sports.com;73;-121;85;100;81
115;hilvanhaberleri.com;83;50;100;100;99
116;toptoon.com;87;61;97;100;54
117;whatismycountry.com;93;100;98;100;78
118;titanfx.com;98;84;100;100;99
119;999plumber-reading.co.uk;84;100;99;100;87
120;bartardigital.com;47;18;96;100;90
121;perperook.ir;98;58;100;100;100
122;cpap.com;88;68;100;100;86
123;vault12.com;90;30;99;100;80
124;culturacientifica.com;100;99;100;100;99
125;teuxdeux.com;98;95;100;100;84
126;thesweetestoccasion.com;100;90;100;100;91
127;apkfab.com;100;83;100;100;98
128;emel.website;67;99;87;100;96
129;prophetray.com;72;100;100;100;90
130;al-batal.com;83;-145;98;100;89
131;cookwithrenu.com;93;89;100;100;84
132;168xoso.com;43;51;100;100;91
133;pengetahuankita.com;85;0;99;100;100
134;plugins4free.com;86;57;-13;100;65
135;ballwash.com;94;51;87;100;64
136;adactio.com;100;100;100;100;100
137;myanimals.com;95;99;97;100;77
138;passportsymphony.com;97;68;99;100;71
139;rec.net;100;99;100;100;87
140;bistrocu.com;47;-30;95;100;98
141;pelisestreno.com;93;31;100;100;81
142;chicagoflower.com;80;100;100;100;88
143;fitnessvolt.com;70;4;99;100;90
144;dijilopedi.com;62;-25;-255;100;54
145;usobit.com;75;96;-126;100;60
146;pingo.com;92;73;100;100;94
147;azeta.lv;-14;-13;98;100;37
148;kamiennewnetrza.pl;100;44;-102;100;69
149;moro.com;97;74;100;100;91
150;fiduciaire-topsana.ch;90;2;85;100;98
151;mail-order-bride.com;47;82;97;100;97
152;melhorcomsaude.com.br;97;91;97;100;69
153;localprofile.com;83;97;64;100;91
154;biareview.com;100;87;100;100;100
155;from-ua.com;75;88;64;100;96
156;insidejapantours.com;14;99;94;100;63
157;tv-programme.com;77;67;100;100;59
158;candidegardening.com;100;100;99;100;66
159;minecrafttr.com;20;6;86;100;70
160;reklam.com.tr;95;57;100;100;95
161;uenp.edu.br;97;18;100;100;85
162;booksy.com;90;99;99;100;80
163;minecraft.jp;100;68;100;100;100
164;kalender.digital;93;55;99;100;100
165;centralfloridaweddinggroup.com;80;100;100;100;100
166;bakti.id;82;97;100;100;88
167;hapi.dev;98;75;100;100;88
168;confaelshop.ru;40;46;74;100;43
169;bzns.media;96;91;87;100;88
170;marketsverge.com;82;100;100;100;100
171;techjaja.com;47;-52;59;100;74
172;mortgagecalculatorwithpmi.com;99;70;63;100;85
173;diaryofatorontogirl.com;98;84;100;100;84
174;pscp.download;85;61;73;100;89
175;filmlondon.org.uk;92;100;89;88;98
176;kadivar.com;57;-48;86;100;88
177;krasnoyarskmedia.ru;87;17;63;100;68
178;hipertextual.com;73;95;76;100;79
179;estrid.com;91;37;99;100;79
180;everydayeyecandy.com;98;78;100;100;94
181;bytuong.com;88;59;63;100;77
182;telegramm.site;100;50;94;100;100
183;500cosmetics.com;51;100;82;100;67
184;poponik.com;30;24;98;100;57
185;bestasianbrides.com;100;82;100;100;83
186;elfnon.com;97;61;76;100;100
187;hulizb.net;100;87;100;100;73
188;dokidoki.finance;98;1;100;100;100
189;dailyfilm.ir;100;100;99;100;97
190;paranormalx.com;88;83;100;100;100
191;amurmedia.ru;90;17;63;100;61
192;kinohod.ru;73;68;100;100;83
193;bullocksbuzz.com;98;84;100;100;91
194;thebrooklynmarketplace.com;79;55;86;100;53
195;mobilmo.com;94;90;63;100;71
196;teplokarta.ru;95;19;86;100;73
197;master-chinese.ru;93;27;98;100;75
198;ledpremium.ru;-105;-5;83;100;73
199;homedecoratione.com;96;93;75;100;93
200;flightio.com;90;-16;100;100;94
201;elazigonline.com;95;60;98;100;79
202;theinitium.com;100;100;100;100;100
203;drillster.com;32;65;97;100;76
204;vkfaces.com;98;93;99;100;75
205;abomus.co.il;100;99;100;100;93
206;fanmusicfest.com;43;41;3;100;58
207;irembo.gov.rw;90;84;97;100;100
208;findforeignbride.com;88;88;97;100;83
209;kazashki.com;100;100;88;100;99
210;yoast.com;98;77;99;100;90
211;rutadirecta.com;97;-40;48;100;76
212;leekduck.com;100;92;99;100;100
213;thothub.live;100;14;85;100;75
214;kt-life.net;94;53;98;100;71
215;insidethestar.com;95;14;86;100;72
216;ht-exchange.com;100;93;88;100;100
217;poryadok.ru;97;74;99;100;84
218;wikirock.net;67;86;59;100;41
219;rosewife.com;100;68;100;100;99
220;mintishop.pl;36;-28;94;100;32
221;taxbit.com;98;64;88;100;73
222;buybettersocial.com;100;44;88;100;99
223;astromix.net;95;51;86;100;70
224;vsim.ua;39;5;98;100;68
225;decortips.com;95;100;97;100;77
226;hookupguru.com;92;70;88;100;85
227;komfort.pl;-76;32;87;100;76
228;techjourney.net;94;-25;61;100;79
229;retipster.com;-315;98;100;100;95
230;tuliptime.com;100;97;100;100;87
231;medjournalusa.com;98;100;100;100;100
232;indiacircus.com;73;15;98;100;49
233;telebasel.ch;61;77;75;100;65
234;awwrated.com;89;-22;96;100;77
235;aty800.com;100;80;100;100;100
236;mlk50.com;61;96;100;100;93
237;eyesitela.com;70;99;99;100;94
238;harperstephenson.co.uk;67;100;22;97;100
239;itechua.com;91;-28;72;100;90
240;kimlulashnyk.com;97;100;100;100;100
241;fachowisko.pl;69;-8;99;100;100
242;estadios24.pl;90;82;86;100;4
243;marketi.com.br;97;-43;96;100;97
244;vimeo-downloader.com;100;92;99;100;100
245;modiresabz.com;92;-113;97;100;72
246;wowlazymacros.com;71;22;99;100;83
247;carolinakidcoders.com;70;99;99;100;99
248;frisbi24.ru;93;92;99;100;99
249;chatvdvoem.ru;75;70;93;100;69
250;restauracionnews.com;83;-150;-290;100;58
251;espaciocoches.com;-20;94;-1000;100;-21
252;public.app;100;100;100;100;100
253;quotescover.com;98;99;100;100;85
254;myswisslife.fr;90;100;88;76;97
255;wsb.edu.pl;72;45;87;100;73
256;kemitt.com;95;-22;84;100;63
257;techexcel.com;85;22;85;100;98
258;300hours.com;97;99;98;100;87
259;topfamilymag.com;95;69;86;100;82
260;themarket.com;91;77;98;100;78
261;micartadigital3.com;100;63;100;100;91
262;phonroid.ir;100;100;89;97;69
263;daisiesandpie.co.uk;90;100;89;99;95
264;hes-extraordinary.com;98;85;100;100;91
265;camillefoxart.com;80;100;100;100;90
266;bccks.jp;-103;87;100;100;100
267;plussizebirth.com;98;98;100;100;88
268;yugenani.me;98;96;-148;100;92
269;beanbox.com;98;92;100;100;80
270;elakiri.com;40;27;100;100;77
271;abwaab.me;95;80;100;100;75
272;tsaooq.com;100;98;100;100;7
273;cliosport.net;93;47;99;100;88
274;personalmoneystore.com;100;69;100;100;94
275;xqchess.com;99;83;74;100;92
276;invisioncommunity.com;100;30;100;100;84
277;aklinizikesfedin.com;97;99;97;100;73
278;populareverything.com;100;100;100;100;100
279;deriv.com;98;96;99;100;83
280;avninga.com;100;100;100;100;89
281;renaultvakilyan.com;90;100;100;23;82
282;farhikhte.com;82;98;99;100;100
283;your-local-plumber.co.uk;83;100;99;100;96
284;xxxdomashka.site;100;84;88;100;97
285;thefarmingforum.co.uk;33;33;-257;100;55
286;kanban.university;92;49;97;100;85
287;usp-forum.de;92;42;99;100;100
288;diygod.me;92;80;100;100;95
289;craftwriter-blog.com;83;50;73;100;88
290;qwerty.dev;98;100;100;100;100
291;kurogami.com;98;100;100;100;87
292;faramoallem.com;81;-9;99;100;80
293;thecloudblog.net;100;100;100;100;91
294;vuejsdevelopers.com;98;19;86;100;84
295;colway.pl;100;49;88;100;80
296;9filmyzilla.site;65;34;99;100;86
297;1kuwaitjobs.com;93;99;73;100;99
298;kellyclarkson.com;100;94;94;100;67
299;doodad.dev;100;100;100;100;100
300;masdemx.com;100;99;100;100;99
301;curriqunet.com;87;100;100;100;91
302;cancoesdemedicina.online;100;47;88;100;100
303;123milhas.com;92;22;99;100;62
304;icilome.com;48;-95;63;100;58
305;waywrite.com;83;78;100;100;89
306;matstore.ir;-34;59;75;100;76
307;koran.nl;76;18;99;100;43
308;premiertefl.com;-4;75;99;100;94
309;destroytoday.com;100;100;100;100;90
310;luv.xxx;89;100;100;100;47
311;2fast4buds.com;100;100;97;100;87
312;locman.com.ua;92;3;85;100;97
313;halfcute.com;81;100;88;100;80
314;divnil.com;100;100;86;100;85
315;themovemarket.com;100;53;99;100;87
316;adobedownloadrussia.com;100;62;86;100;90
317;relefopt.ru;97;61;88;100;96
318;kidubazaar.com;83;100;99;100;100
319;imgflip.com;100;99;99;100;74
320;basslinepromotions.com;98;97;100;100;100
321;dearculturepod.com;90;100;100;100;98
322;patoghonline.com;97;68;87;100;87
323;cowgirlmagazine.com;83;96;100;100;88
324;kabanchik.ua;40;100;89;69;50
325;casinosanalyzer.com;98;66;100;100;100
326;diliroom.fr;100;94;100;100;100
327;myanimelist.net;89;22;99;100;72
328;visittallinn.ee;100;80;100;100;96
329;cheeseandwinecafe.com;70;100;100;100;100
330;prime.md;68;100;73;100;62
331;lamanzanamordida.net;97;53;99;100;92
332;movietvtechgeeks.com;88;49;98;100;100
333;taeknizon.com;93;5;87;100;100
334;magadanmedia.ru;89;17;63;100;62
335;luhta.com;97;99;100;100;98
336;myiptvforum.com;48;34;73;100;82
337;rezat.ru;90;74;98;100;53
338;molily.de;100;100;100;100;100
339;veryimportantlot.com;88;100;80;-26;63
340;amazingradio.com;98;97;97;100;91
341;blivesta.com;100;100;100;100;100
342;trappledestek.com;51;34;88;100;85
343;mahaxpress.com;85;-39;-384;100;73
344;huntworld.ru;42;13;95;100;71
345;polygamia.pl;100;99;99;100;91
346;casino.nl;97;17;88;100;100
347;headtopics.com;66;100;88;100;100
348;hasgeek.com;79;86;-77;100;59
349;aero.com;92;97;100;100;98
350;coiney.com;98;99;98;100;52
351;containerexchanger.com;100;24;100;100;84
352;klv-oboi.ru;33;48;98;100;-29
353;radixweb.com;64;59;100;100;99
354;carap.ir;43;81;100;100;89
355;cq.ru;100;78;99;100;84
356;eatplant-based.com;98;85;100;100;95
357;meteobar.com;94;74;74;100;85
358;fbombpizza.com;80;100;100;100;100
359;flarumtr.com;93;38;100;100;94
360;typefully.app;100;99;100;100;87
361;cowboypoetry.com;92;100;100;100;100
362;dollarsprout.com;100;65;100;100;100
363;richmondantiaging.ca;43;-77;82;100;76
364;alreyadanews.com;87;-72;96;100;48
365;fetvameclisi.com;93;59;100;100;100
366;techtip.ir;100;14;99;100;54
367;veles-capital.ru;33;52;97;100;76
368;flixier.com;98;99;100;100;96
369;brainpowerboy.com;100;78;100;100;94
370;tjournal.ru;73;41;99;100;85
371;best-horror-movies.com;88;100;100;100;100
372;pul.af;90;47;99;100;95
373;virtualo.pl;86;7;83;100;72
374;programacionymas.com;98;100;100;100;87
375;fmforums.com;64;35;100;100;81
376;lithuaniatribune.com;91;80;-61;100;73
377;autolikesig.com;83;-94;82;100;82
378;repost.com;95;44;99;100;84
379;riddimsworld.com;98;51;100;100;100
380;eghtesaad24.ir;82;46;99;100;80
381;bahhador.com;83;-138;87;100;77
382;lockdownbookz.com;80;100;100;100;95
383;mon-entreprise.fr;100;99;100;100;100
384;infoinfocus.com;93;100;100;100;100
385;furf.com;100;100;100;100;100
386;centminmod.com;97;31;100;100;97
387;amanjacademy.com;93;100;89;-3072;54
388;rivegauche.ru;37;100;82;-506;14
389;ludwig.guru;88;100;100;100;100
390;mathtv.com;93;70;99;100;87
391;infogram.com;98;95;99;100;72
392;hoangnhanpro.com;92;48;100;100;100
393;telpharma.com;66;100;64;41;-341
394;draw.chat;100;100;99;100;100
395;lichfieldlive.co.uk;75;96;88;100;90
396;hoiclue.jp;85;38;4;100;56
397;toutiaosg.com;97;98;74;100;92
398;homeindexer.ca;98;29;100;100;96
399;wheelofnames.com;92;36;99;100;89
400;melvingeorge.me;100;100;100;100;100
401;whatsupnewp.com;75;46;64;100;93
402;bigfun.vip;100;60;92;100;99
403;resilientwebdesign.com;100;100;100;100;100
404;friendlylender.ca;100;66;97;100;88
405;kaliboys.com;88;15;100;100;85
406;ufolabs.net;88;4;100;100;93
407;prototurk.com;79;100;74;100;76
408;pwacademy.nl;100;84;99;100;87
409;followjet.com;33;37;85;100;79
410;hufgefluester.eu;-7;23;94;100;78
411;uhrforum.de;97;45;99;100;87
412;commpi.com;100;49;100;100;97
413;w2g.tv;100;100;100;100;100
414;elie.net;100;79;100;100;100
415;maap.cc;94;40;82;100;67
416;ilmainensanakirja.fi;97;94;99;100;80
417;bonnieet.com;100;93;100;100;75
418;lux.fm;98;47;37;100;73
419;artaelectric.ir;60;58;99;100;98
420;huurda.nl;82;98;100;100;100
421;unravelbrainpower.com;99;13;61;100;87
422;vxxx.com;98;100;75;100;94
423;upqode.com;98;68;97;100;100
424;fizz.ca;83;60;87;100;72
425;esgtrade.com;100;68;100;100;87
426;tamotomatik.com;100;67;100;100;45
427;prongmusic.com;78;100;100;100;100
428;man-electro.ru;95;87;60;100;74
429;titsintops.com;97;44;88;100;94
430;rebelwalls.com;89;92;99;100;34
431;vndicy.com;63;-20;60;100;64
432;assistironline.net;74;81;100;100;99
433;vendoo.ge;98;48;99;100;94
434;misadventureswithandi.com;98;76;100;100;87
435;hexed.it;100;98;100;100;100
436;ukrainemailorderbrides.net;95;68;99;100;77
437;hulkshop.com.ua;87;85;100;100;93
438;bluewin.ch;-5;23;86;100;65
439;blacksea.net.ua;98;72;99;100;80
440;playbooklife.com;75;-140;82;100;35
441;districtfm.com;98;31;85;100;80
442;hdzog.com;98;98;88;100;72
443;62info.ru;82;100;87;-271;27
444;freeskins.com;97;19;97;100;26
445;thbfarm.com;78;99;100;100;98
446;usagnews.com;83;14;98;100;98
447;feebee.com.tw;81;70;99;100;-136
448;bitpr0.com;97;88;100;100;100
449;takinmusic.ir;100;93;87;100;83
450;infourok.ru;88;68;84;100;73
451;refresher.sk;49;36;98;100;65
452;caraisins.com;72;-47;97;100;95
453;dle-faq.ru;100;100;74;100;78
454;rustchance.com;100;43;100;100;100
455;cannasos.com;75;77;98;100;80
456;craftivitydesigns.com;100;80;100;100;87
457;hbr-russia.ru;98;64;100;100;79
458;wwfoldschool.com;37;99;87;100;76
459;bigsearch.ir;98;25;99;100;80
460;77betsg.com;67;55;98;100;-88
461;didigames.com;100;100;100;100;100
462;uniswap.com;78;99;100;100;100
463;vietlott.mobi;97;100;100;81;88
464;halmek.co.jp;69;45;-259;100;20
465;leasing.com;61;86;83;100;91
466;rk.edu.pl;100;100;100;100;98
467;reporternewspapers.net;74;96;-91;100;76
468;kkh.se;100;98;100;100;100
469;qingse.one;50;83;100;100;89
470;iatranshumanisme.com;83;55;99;100;73
471;pogoda.co.il;100;93;100;100;95
472;dex-trade.com;11;33;100;100;92
473;wordsinspace.net;100;100;100;100;100
474;coveteur.com;83;94;100;100;91
475;teknobilimadami.com;78;-24;97;100;95
476;meshok.net;93;56;100;100;98
477;iransote.com;69;100;99;100;100
478;ratingruneta.ru;51;100;99;100;100
479;akispetretzikis.com;83;31;100;100;84
480;rojashop.com;70;32;99;100;84
481;animesail.com;100;79;99;100;81
482;armeniasputnik.am;98;58;85;100;63
483;ducdeslombards.com;93;48;99;100;87
484;topesdegama.com;97;53;99;100;97
485;callibri.ru;83;71;82;100;84
486;vsesorta.ru;21;7;35;100;63
487;documented.net;95;-163;84;100;90
488;aiad.com.au;94;100;100;100;66
489;bukalapak.com;79;98;99;100;61
490;wyevalegardencentres.co.uk;78;100;100;100;100
491;tui.pl;70;61;100;100;98
492;powermetercity.com;91;92;94;100;74
493;convertify.mobi;100;83;41;100;100
494;tabiiro.jp;97;66;74;100;64
495;revitonica.ru;83;3;38;100;84
496;aavewatch.com;43;100;100;100;100
497;viddit.red;95;92;63;100;92
498;perfumes24h.com;52;48;98;100;70
499;ravazadeh.com;37;-54;99;100;67
500;wedding.pl;56;94;100;100;96
501;iran24shop.com;91;-45;99;100;64
502;rusmonitor.com;97;71;74;100;75
503;debatepolitics.com;72;49;100;100;98
504;kharidetalaei.com;27;-60;98;100;87
505;iuiga.com;37;27;72;100;-86
506;2traveldads.com;93;87;100;100;92
507;khabar-fouri.com;44;15;99;100;80
508;metro.co.uk;100;70;87;100;84
509;50skyshades.com;100;55;98;100;86
510;extrastech.com;95;86;98;100;100
511;99taghvim.ir;79;60;99;100;83
512;hiphopizados.com;97;15;98;100;83
513;canonicalized.com;98;52;100;100;85
514;deviq.com;100;100;100;100;100
515;royalcode.net;100;41;86;100;85
516;mexc.ru;95;38;99;100;50
517;cloudatcost.com;98;77;100;100;100
518;k9petstore.co.za;83;23;99;100;89
519;rutgerbakt.nl;-243;61;97;100;59
520;mamapagina.com;80;63;100;100;33
521;kharazian.ir;90;98;98;100;100
522;es-mexico.com;78;98;76;100;83
523;ertikaa.com;83;-111;98;100;48
524;thehungrybluebird.com;100;86;100;100;93
525;thehackernews.com;86;100;24;100;72
526;whatoplay.com;60;80;87;100;71
527;fundamenta.cl;88;4;99;100;81
528;bahasaweb.com;100;81;76;100;97
529;dreamvention.com;98;43;98;100;79
530;emlakkulisi.com;94;90;65;100;49
531;hostnoc.com;90;100;88;75;58
532;fluxbuilder.com;95;98;100;100;91
533;relojes-especiales.com;33;43;-13;100;62
534;travelinspiredliving.com;100;88;100;100;88
535;dogpre.com;61;100;88;-333;-50
536;broadsign.com;98;83;99;100;76
537;visualobjects.com;100;99;100;100;99
538;hongkongfp.com;48;95;100;100;93
539;fringeworld.com.au;95;100;96;100;54
540;economyplusme.com;86;24;-8;100;47
541;apressurecooker.com;100;86;88;100;87
542;connery.dk;85;87;98;100;59
543;criscamp.com.br;98;-1;97;100;99
544;ritetag.com;97;100;86;39;72
545;totalnews.com;80;99;100;100;100
546;allinclusivefilm.ru;100;69;88;100;73
547;melonstube.cc;91;100;44;100;80
548;kabarjombang.com;93;61;100;100;68
549;penceretv.com;99;83;72;100;79
550;techvatan.com;91;46;73;100;87
551;bangkokcuisine.com;93;34;99;100;100
552;espaciohogar.com;-31;87;-878;100;-23
553;vasaham.com;97;-47;96;100;96
554;toplearn.com;99;39;40;100;94
555;dasa.com.br;95;98;100;100;100
556;thebermudatriangle.com;70;99;100;100;87
557;chicco.com.ua;56;-1;94;100;82
558;estradaistudio.pl;77;51;-167;100;36
559;yourvpnservice.com;100;90;100;100;93
560;laconicml.com;94;-288;94;100;79
561;7gardun.com;80;26;84;100;92
562;androidzoom.ir;83;50;88;100;100
563;iod.media;89;64;94;100;-39
564;binbaz.org.sa;89;48;99;100;93
565;cenduparam.com;98;85;100;100;96
566;twishort.com;100;85;99;100;94
567;baman24.ir;97;90;100;100;91
568;mvtvn.com;80;99;100;100;89
569;imhd.sk;50;91;76;100;77
570;builtwith.com;100;95;100;100;100
571;eldesmarque.com;45;63;86;100;74
572;traders-union.ru;90;99;85;100;36
573;hunade.com;100;100;88;100;98
574;larryludwig.com;98;67;100;100;91
575;aniwatch.me;100;100;99;100;100
576;aryanaghalam.com;82;100;94;82;29
577;urmart.com;98;99;87;100;80
578;emmacruises.com;100;97;100;100;87
579;henderson.ru;46;44;98;100;17
580;wayunique.com;83;-76;98;100;91
581;hardforum.com;80;43;100;100;100
582;wocial.net;50;-11;96;100;84
583;blackbeltmag.com;94;81;73;100;76
584;rue89bordeaux.com;94;47;98;100;77
585;arch-projects.com;63;51;99;100;100
586;unacademy.com;98;100;99;100;90
587;travelagu.com;100;100;100;100;100
588;ukrafoto.net;100;97;88;100;95
589;wartakepri.co.id;41;-40;59;100;-8
590;polizeiticker.ch;100;90;55;100;64
591;marketrealist.com;100;100;100;100;87
592;eaomedia.ru;92;17;63;100;62
593;packagingeurope.com;85;35;73;100;65
594;quoteddata.com;80;68;99;100;85
595;californiaunpublished.com;100;85;100;100;83
596;kimjonesgroup.com;67;83;99;100;96
597;heavytruckpits.com;75;100;99;100;100
598;peerj.com;83;62;100;100;79
599;d4swing.com;100;100;100;100;100
600;domainadvisors.com;92;15;85;100;100
601;booksandbao.com;97;83;100;100;93
602;youaremom.com;97;99;97;100;77
603;diaryofajournalplanner.com;100;98;100;100;93
604;ilovemychi.com;98;79;88;100;94
605;belpodium.ru;89;96;84;100;87
606;traintimes.org.uk;100;100;100;100;100
607;muathuoctot.com;46;-53;83;100;7
608;penguincbd.com;100;92;97;100;58
609;inkbox.com;52;75;84;100;63
610;times24h.com;78;100;85;100;83
611;techbeasts.com;99;-10;73;100;85
612;acikkuran.com;100;100;100;100;100
613;unclinic.ru;80;-63;88;100;73
614;ketosizeme.com;98;76;100;100;100
615;popimusic.ir;100;86;88;100;96
616;996.icu;100;99;100;100;100
617;tamworthwindowtinting.com.au;83;100;100;100;96
618;hans-zimmer.com;29;-106;95;100;96
619;eplsite.football;18;52;61;100;66
620;ibud.ua;85;99;73;100;34
621;meble-drewniane.com.pl;66;25;99;100;86
622;vizita.si;87;79;75;100;67
623;ielts.com.au;85;14;97;100;77
624;hardhatengineer.com;93;88;100;100;100
625;wakacje.pl;92;100;99;100;91
626;mmo4me.com;42;44;88;100;77
627;amillionstyles.com;77;-2;59;100;76
628;bobobox.co.id;100;93;87;100;60
629;mein-mmo.de;51;1;97;100;79
630;alphaconverge.com;78;99;99;100;93
631;brucelawson.co.uk;100;96;88;100;5
632;varus.ua;92;28;88;100;75
633;wadic.net;90;100;85;71;4
634;adsenseturkiye.com.tr;39;33;73;100;68
635;ezp30.com;100;97;100;100;100
636;lingohub.com;81;95;100;100;83
637;chi-chiamato.com;89;84;73;100;97
638;bid4papers.com;98;100;88;100;87
639;ijebuloaded.com;88;28;61;100;74
640;hhcontracthaulers.com;78;100;100;100;100
641;pvpru.com;-62;47;100;100;98
642;motopoland.com.ua;74;94;100;100;35
643;unite2020pandemic.com;85;100;100;100;91
644;hclips.com;98;74;88;100;77
645;dailycricket.com.bd;85;51;60;100;69
646;ponyfoo.com;84;75;100;100;63
647;uberporno.com;100;26;99;100;84
648;beroozresaan.com;77;88;100;100;88
649;teliumnetwork.se;100;99;100;100;87
650;autogidas.lt;-171;77;98;100;67
651;techdracula.com;98;94;63;100;91
652;mnya.tw;52;64;-4607;100;42
653;tamasnews.ir;39;-98;98;100;98
654;laravelpackage.com;100;98;100;100;100
655;alkatreszek.hu;100;54;100;100;98
656;bidopin.com;33;-40;95;100;78
657;tripswithtykes.com;98;78;100;100;91
658;careersportal.ie;7;27;85;100;93
659;foreign-brides.net;96;90;97;100;93
660;f.ua;48;75;86;100;33
661;chickenscratchny.com;98;98;100;100;53
662;100datingsite.com;98;96;100;100;95
663;viljamis.com;100;96;100;100;100
664;hatarakujob.com;100;99;100;100;96
665;teamos-hkrg.com;65;100;100;100;83
666;brtnetwork.id;92;-36;85;100;84
667;englishninjas.com;100;100;89;94;97
668;pharmajobadda.com;83;24;61;100;75
669;bludshop.com;93;56;94;100;65
670;espanafascinante.com;77;2;87;100;96
671;alanat.net;41;34;72;100;58
672;pasokhbama.com;83;39;100;100;87
673;afradata.net;47;-86;98;100;83
674;bbb.fm;92;100;100;100;100
675;dcmais.com.br;83;7;95;100;78
676;whitewall.art;100;100;89;-69;88
677;elixirschool.com;100;99;100;100;100
678;dinedreamdiscover.com;97;81;100;100;93
679;knigger.com;100;88;74;100;53
680;bhuntr.com;100;100;100;93;92
681;dizimax.me;37;-32;85;100;81
682;carbuzz.com;86;96;40;100;66
683;meeyland.com;78;75;98;100;91
684;wonderfulmind.co.kr;97;100;97;100;73
685;34.ua;92;100;89;-116;38
686;televet.com;98;98;99;100;60
687;teologiapolityczna.pl;93;10;76;100;75
688;3d-galleru.ru;99;93;98;100;78
689;mokhtalefmusic.com;100;73;64;100;80
690;hig365.com;95;-9;74;100;92
691;totallythebomb.com;90;77;100;100;82
692;prepdeck.com;95;75;100;100;54
693;wmarket.com.ua;86;2;84;100;77
694;hoseinghorbani.com;100;58;100;100;85
695;apahkam.ir;100;75;87;100;91
696;aceronline.ru;83;38;98;100;-87
697;thegorbalsla.com;83;72;61;100;79
698;aurora.tech;87;86;100;100;96
699;mydmc.online;100;27;64;100;67
700;traforce.com;98;66;100;100;85
701;khosim.com;98;75;100;100;91
702;iwmf.ir;94;70;88;100;97
703;chattermill.com;95;99;99;100;46
704;datamars.com;93;-102;99;100;80
705;msto.me;97;35;86;100;86
706;webien.net;-60;22;83;100;84
707;intive.com;100;59;100;100;100
708;flutterbyexample.com;87;100;100;100;100
709;invictastores.com;100;49;99;100;60
710;affinityspotlight.com;100;100;100;100;99
711;mangatone.com;83;100;65;83;50
712;iranantiq.com;95;54;100;100;89
713;maanacreation.com;27;48;98;100;79
714;matadornetwork.com;37;40;99;100;96
715;atulhost.com;100;96;100;100;98
716;faradeed.ir;43;12;73;100;80
717;plumasatomicas.com;99;99;-11;100;72
718;ktmsklep.pl;88;14;99;100;96
719;mp3fm.me;80;99;100;100;72
720;charliekirk.com;100;100;79;-78;46
721;webmasterforum.com.tr;-136;41;88;100;77
722;4filmyzilla.nl;42;31;99;100;-2
723;deadline.com;66;100;80;-46;61
724;dailyhive.com;83;33;73;100;62
725;wp.pl;97;99;98;100;85
726;brokermint.com;98;64;54;100;84
727;daftsex.com;100;100;75;98;93
728;campuspedia.id;100;100;89;-620;72
729;homeinthefingerlakes.com;95;72;100;100;90
730;phdessay.com;90;99;100;100;100
731;whatsappsstatusvideos.com;97;56;74;100;48
732;uzmanposta.com;97;56;76;100;100
733;computerworld.hu;97;70;97;100;70
734;abcdinamo.com;98;60;100;100;99
735;theinnerbeast.com;76;69;73;100;64
736;huangxuan.me;100;77;99;100;99
737;yaldagames.com;89;99;88;100;87
738;bearstech.com;100;91;100;100;89
739;andermatt-sedrun-disentis.ch;90;17;99;100;73
740;cleanserve.pl;100;43;98;100;97
741;in4net.com;98;-63;85;100;53
742;cupfulofkale.com;98;87;100;100;91
743;phantompilots.com;14;9;99;100;61
744;qola.ir;100;95;100;100;100
745;culture.pl;100;24;100;100;100
746;totenart.com;48;10;72;100;64
747;momsla.com;98;98;99;100;84
748;finex.co.id;97;99;99;100;73
749;webkul.com;98;100;66;88;8
750;clicavisos.com.ar;-82;37;87;100;-82
751;registronacional.com;83;69;60;100;91
752;thehowtohome.com;98;72;99;100;90
753;cosplaylewd.com;68;-106;96;100;80
754;lokadata.id;100;99;97;100;67
755;anadoludabugun.com.tr;65;75;98;100;76
756;wifigid.ru;93;100;81;6;60
757;evincedev.com;47;-27;88;100;-61
758;remysbrands.com;73;99;99;100;99
759;clipartspub.com;100;77;100;100;87
760;micky.com.au;77;-23;-145;100;71
761;fenerium.com;97;2;98;100;91
762;kulturnews.de;97;70;98;100;81
763;webi7.com;87;-29;98;100;89
764;atl.ua;37;15;85;100;60
765;quienlamo.com;91;85;74;100;98
766;10musume.com;100;99;100;100;80
767;mobiworkx.com;100;78;100;100;90
768;moolah.bet;100;94;100;100;100
769;kellysthoughtsonthings.com;97;84;100;100;93
770;thesolutionsjournal.com;96;32;86;100;71
771;moguldom.com;100;-8;85;100;56
772;mytipstick.com;77;100;99;100;100
773;ebtedaei.com;20;55;98;100;84
774;espirituracer.com;47;-15;85;100;34
775;androidinfo.ru;95;73;98;100;100
776;chkoushik.com;100;90;99;100;94
777;instasaved.net;93;61;74;100;79
778;escapeprogram.ru;100;19;-28;100;82
779;topwar.ru;100;97;97;100;81
780;alfabozum.com;100;100;100;100;96
781;bils.ir;100;100;100;100;100
782;raymandnet.ir;-102;-72;97;100;78
783;5afayaradio.com;100;66;100;100;100
784;afexnigeria.com;82;96;87;100;95
785;dianarambles.com;93;84;100;100;89
786;kontestacja.com;100;91;88;100;88
787;dailyappetite.com;98;76;100;100;91
788;voscreen.com;100;100;87;100;90
789;localsearchforum.com;80;40;100;100;84
790;epbr.com.br;61;-41;98;100;97
791;ikhtisar.net;79;57;29;100;65
792;3click.com;100;-11;100;100;84
793;cutesycrafts.com;98;99;100;100;91
794;taleof2backpackers.com;95;5;98;100;99
795;vreale.tv;100;90;100;100;93
796;amf.com.ua;61;23;87;100;74
797;codeby.net;59;45;100;100;90
798;mobilerecharge.com;90;73;100;100;85
799;doanassignment.com;98;84;88;100;72
800;playkids.com;98;91;100;100;83
801;dentalsave.com;93;-67;94;100;80
802;manelemp3.net;100;72;75;100;95
803;hurawatch.com;82;48;87;100;31
804;meta.ua;88;94;53;100;65
805;itccacquisitions.com;93;100;100;100;100
806;diariodechiapas.com;97;45;97;100;78
807;lifeshouldcostless.com;98;86;100;100;90
808;allueur.com;83;4;99;100;87
809;aminoeditor.com;100;100;100;100;100
810;tiendatercom.com;100;84;100;100;100
811;majorleagueeating.com;95;61;98;100;82
812;tracxn.com;100;86;100;100;94
813;velasresorts.com;90;85;72;100;67
814;liwli.ru;91;82;72;100;78
815;miriamveiga.com.br;92;40;1;100;82
816;webkima.com;51;53;98;100;100
817;bamboorelay.com;92;95;100;100;-29
818;coryrylan.com;100;100;100;100;94
819;main-bet.com;98;-5;98;100;60
820;internapoli.it;54;0;62;100;49
821;realmailorderbride.com;98;92;85;100;93
822;bringerparcel.com;100;100;100;100;100
823;tw.live;93;88;98;100;84
824;harvestfestival.com;70;99;88;100;100
825;khaledalsabt.com;95;54;99;100;93
826;azantime.app;97;97;88;100;98
827;lisasdinnertimedish.com;100;78;88;100;81
828;theonegenerator.com;100;91;67;100;83
829;react-tutorial.app;100;100;100;100;99
830;bookmygarage.com;92;85;100;100;98
831;leapoffaithcrafting.com;98;78;100;100;94
832;fastessay.com;100;100;100;100;90
833;crossword365.com;93;70;96;100;69
834;thesmartcanine.com;97;96;100;100;91
835;esu.edu.sa;75;100;72;-790;48
836;khanebosch.com;90;99;99;100;100
837;lalajo21.com;87;95;76;100;83
838;avalonstar.com;97;100;100;100;98
839;yourstory.com;84;100;73;100;24
840;drakemall.com;45;26;99;100;79
841;pakistanistores.com;100;79;100;100;84
842;hostchefs.eu;100;31;88;100;78
843;24tv.ua;96;79;97;100;88
844;caputos.com;69;-36;94;100;73
845;thelsgroup.com;83;100;100;100;100
846;realmailorderbrides.net;100;86;100;100;100
847;computerbase.de;94;96;100;100;87
848;feqhweb.com;93;48;100;100;90
849;dmvideo.download;97;66;75;100;89
850;premier.one;100;88;99;100;91
851;aturtleslifeforme.com;98;55;96;100;95
852;holtorfmed.com;100;100;99;100;85
853;anonymous-proxies.net;100;79;100;100;100
854;catalunyadiari.com;45;98;88;100;99
855;aviaforum.ru;99;100;98;100;83
856;maybelatergames.co.uk;100;100;100;100;96
857;wildearth.tv;97;-89;95;100;75
858;webwave.me;38;14;86;100;85
859;lacotto.jp;95;100;64;55;22
860;allmandlaw.com;92;-5;97;100;98
861;by-pink.com;97;85;100;100;86
862;frontpagelive.com;15;-286;94;100;55
863;komakhaal.com;100;19;96;100;73
864;thepalettemuse.com;95;85;99;100;98
865;pmaktif.com;100;100;100;100;87
866;midnrreservations.com;100;51;85;100;100
867;mrbilit.com;65;83;100;100;83
868;freefincal.com;100;81;98;100;96
869;behtarinideh.com;83;-74;98;100;99
870;uludagotocekici.com;83;-24;85;100;87
871;ultrawifipro.com;95;33;86;100;76
872;turkishliving.com;49;48;98;100;90
873;academyofmartialarts.com;87;100;100;100;100
874;esubtitle.com;100;33;96;100;93
875;fixly.pl;89;96;100;100;89
876;mamanam.com;100;27;88;100;86
877;rpginitiative.com;81;15;99;100;88
878;pricebaba.com;25;100;14;100;73
879;beautyandthebeets.com;100;85;100;100;88
880;videoigr.net;33;89;74;100;-67
881;revistazunai.com.br;91;-28;59;100;68
882;pulsoslp.com.mx;54;78;59;100;-7
883;paroshat.com;98;96;99;100;82
884;athleticgreens.com;83;100;100;100;90
885;power357radio.com;85;99;75;100;97
886;born2be.ua;70;84;98;100;79
887;americainmuebles.com;-41;43;87;100;77
888;baoboard.com;90;-41;100;100;100
889;ianlunn.co.uk;100;99;100;100;100
890;click.ir;98;55;100;100;80
891;clementsols.com;82;99;100;100;100
892;tecdiary.net;97;90;100;100;99
893;kantlyn.com;97;-113;97;100;100
894;1coinmaster.com;100;80;98;100;84
895;thequietgrove.com;98;56;99;100;88
896;urdunotes.com;91;-15;84;100;42
897;cosmomusic.ca;31;92;99;100;51
898;englishsummary.com;80;100;89;100;99
899;russianbridess.com;100;84;100;100;87
900;loi.com.uy;100;76;98;100;93
901;untwitch.com;94;87;74;100;84
902;biletyplus.ru;52;62;94;100;95
903;farsilynda.com;60;96;86;100;37
904;lescent.co.za;83;-9;84;100;86
905;doramiru.com;100;91;98;100;89
906;hatefinvest.com;97;18;100;100;99
907;khateyek.com;87;35;97;100;98
908;flixable.com;99;100;98;100;94
909;caregiver.com;84;93;-114;100;70
910;biographiya.com;100;92;100;100;100
911;mysatina.today;100;79;100;100;96
912;instanik.com;95;-36;99;100;96
913;rus-massage.com;72;-8;100;100;78
914;erikalust.com;85;97;100;100;95
915;eden-court.co.uk;100;70;100;100;87
916;kink.nl;98;97;100;100;100
917;duan24h.net;-223;-65;54;100;34
918;patrickwatertor.com;100;96;100;100;100
919;emojio.ru;100;100;89;99;76
920;katykicker.com;98;73;100;100;95
921;easycrypto.ai;100;47;100;100;99
922;trovo.live;87;94;88;100;83
923;tygia.com;-548;91;98;100;95
924;infoconcert.com;79;25;4;100;39
925;powertofly.com;84;57;98;100;49
926;alwaystheholidays.com;98;88;100;100;91
927;mbellucci.com.br;80;99;99;100;100
928;warframe.market;98;77;99;100;93
929;becorrect.com;100;86;99;100;95
930;moda.com.pe;98;57;99;100;73
931;faktyoswiecim.pl;50;32;59;100;42
932;wd40.lat;98;48;100;100;100
933;aimseducation.edu;98;100;100;100;90
934;tvcairport.com;74;13;100;100;87
935;lapsi.al;40;15;41;100;13
936;dmarket.com;88;57;95;100;75
937;haberinternette.com;91;78;73;100;71
938;miramistin.ru;92;81;99;100;87
939;motoroctane.com;83;95;75;100;89
940;itsenf.com;93;29;88;100;21
941;hentaitk.net;81;70;43;100;71
942;irbsportconsulting.com;88;100;100;100;96
943;andrewlock.net;100;85;99;100;93
944;aklectures.com;100;100;100;100;86
945;ytranking.net;88;83;62;100;64
946;kir2kos.net;88;58;100;100;100
947;mybeautybunny.com;83;84;99;100;89
948;thegingeredwhisk.com;97;81;100;100;100
949;legitmailorderbride.com;97;76;99;100;84
950;pinkzorro.ru;39;69;74;100;97
951;wagstermagic.com;80;99;100;100;100
952;badtaste.it;81;29;72;100;65
953;curnonwatch.com;100;99;100;100;89
954;farvater.travel;71;68;94;100;99
955;manomode.com;88;-66;99;100;99
956;think201.com;98;11;100;100;91
957;melovy.ir;100;88;100;100;100
958;koalaonmattress.com;100;93;100;100;76
959;leonidasesteban.com;-25;100;100;100;94
960;avv.de;77;56;88;100;47
961;morsedecoder.com;98;99;97;100;100
962;visitworldheritage.com;98;99;100;100;100
963;tuns.my;100;51;98;100;100
964;muchata.com;96;73;60;100;68
965;intrade.com;83;99;100;100;100
966;buckget.com;98;75;87;100;100
967;violanews.com;90;32;82;100;76
968;unicyclist.com;100;32;100;100;100
969;mediaweaver.jp;100;99;58;100;97
970;abchomeopathy.com;100;100;99;100;100
971;utubemusic.ir;100;81;100;100;98
972;weplay.tv;70;85;99;100;77
973;defendernetwork.com;83;98;100;100;91
974;waterfront.com;95;99;100;100;100
975;dominicanewsonline.com;92;-1;97;100;94
976;domotekhnika.ru;72;91;99;100;90
977;twitter.com;100;100;100;100;100
978;amp.dev;100;100;100;100;100
979;backroadramblers.com;97;81;76;100;79
980;dating-network.com;98;91;100;100;87
981;businesstech.co.za;68;45;-8;100;65
982;ecoporno.ru;97;78;88;100;40
983;mobygeek.com;86;97;95;100;64
984;118tr.net;87;-15;98;100;99
985;motoredbikes.com;93;47;76;100;87
986;vipnation.com;100;39;38;100;100
987;chromjuwelen.com;97;99;98;100;100
988;cloudninecare.com;69;36;96;100;62
989;pmc.com;97;70;99;100;76
990;fuchsia.dev;100;45;100;100;100
991;quepasamedia.com;83;95;100;100;92
992;1001consejos.com;98;92;100;100;65
993;humanitix.com;93;100;100;100;66
994;isilanlarikariyer.com;96;81;62;100;80
995;idtlearning.com;82;21;95;100;86
996;bernardyni.pl;80;100;54;-67;92
997;homeschoolhideout.com;93;38;99;100;71
998;piligrim.ua;32;7;94;100;84
999;avazac.com;97;92;100;100;100
1000;trofey.ru;73;-5;97;100;74
1001;urban-programmetv-sorties.fr;100;81;99;100;100
1002;keepv.id;98;65;100;100;100
1003;matlabnew.ir;83;51;99;100;79
1004;rgweek.com;41;27;99;100;89
1005;asoeshop.com;50;22;98;100;-58
1006;housefulofhandmade.com;98;86;100;100;85
1007;kitchenmason.com;100;73;88;100;94
1008;topwomensmag.com;78;68;61;100;68
1009;mythreecents.com;98;81;100;100;100
1010;cmbv.fr;92;43;87;100;92
1011;malwaretips.com;63;38;88;100;47
1012;dinarys.com;98;94;100;100;74
1013;ritekit.com;98;54;86;100;84
1014;houseofharo.com;77;82;99;100;99
1015;autoportal.com;96;87;-13;100;73
1016;big-book-city.ru;100;100;100;100;99
1017;hellotera.com;33;-106;86;100;59
1018;communication-connection.com;82;100;100;100;100
1019;mybroadband.co.za;88;100;-1;-22;31
1020;amon.tech;92;92;97;100;73
1021;kwanzalodge.com;73;99;100;100;99
1022;problogger.com;90;-8;98;100;86
1023;laffgaff.com;98;90;97;100;99
1024;mui.today;100;98;100;100;96
1025;eldolar.live;93;51;-32;100;66
1026;vpsboard.com;93;45;100;100;93
1027;twsaver.com;100;100;100;100;78
1028;hondaswap.com;92;100;100;100;90
1029;definanzas.com;100;92;99;100;87
1030;999plumber.co.uk;54;100;99;100;89
1031;truecall-ua.com;89;84;74;100;97
1032;elementorforum.com;97;41;100;100;91
1033;duit.cc;100;100;100;100;100
1034;vtvvitla.com;71;-4;0;100;34
1035;as.com;28;-23;71;100;79
1036;foodgressing.com;90;86;99;100;91
1037;fliplet.com;98;-31;98;100;45
1038;hsionline.com;95;83;99;100;92
1039;insideparadeplatz.ch;23;39;35;100;74
1040;todayscreativeideas.com;98;94;76;100;90
1041;iyikus.com;64;41;98;100;77
1042;beamery.com;100;88;100;100;93
1043;mybeautybrides.net;92;84;97;100;98
1044;resumen.cl;83;97;84;100;85
1045;ayaito.net;85;76;100;100;87
1046;mangaxy.com;92;85;63;100;82
1047;eloutput.com;97;53;99;100;97
1048;luxe.digital;100;80;97;100;86
1049;castellitoscani.com;96;61;98;100;76
1050;cookcraftlove.com;98;86;100;100;93
1051;landlifecompany.com;98;99;100;100;96
1052;texas.cl;72;94;100;100;100
1053;parmatik.com;100;98;99;100;87
1054;talon.by;100;38;99;100;94
1055;woztell.com;85;5;84;100;81
1056;learnapp.com;97;85;98;100;67
1057;engineerboards.com;73;40;31;100;60
1058;innpoland.pl;90;100;98;100;67
1059;yabancidizitv.net;50;77;99;100;99
1060;freestar.com;100;19;98;100;80
1061;anteraja.id;92;46;100;100;91
1062;dailypost.co.uk;97;84;63;100;75
1063;million-wallpapers.ru;100;99;100;100;87
1064;meetsmore.com;33;96;98;100;70
1065;myonlineradio.hu;96;72;74;100;93
1066;volyn24.com;17;31;71;100;50
1067;actu.fr;100;95;100;100;91
1068;vijaykarnataka.com;82;9;-90;100;67
1069;compragamer.com;98;68;96;100;67
1070;coinstats.app;98;95;99;100;81
1071;kawowo.com;83;94;75;100;84
1072;thinhweb.com;92;29;73;100;88
1073;forodecostarica.com;61;44;87;100;87
1074;hosadigantha.com;-21;-84;100;100;100
1075;elazighakimiyethaber.com;45;67;61;100;63
1076;kitset.ir;100;91;99;100;100
1077;writeanypapers.com;100;100;100;100;82
1078;iprodoc.ru;100;87;98;100;100
1079;victorzhou.com;100;100;100;100;100
1080;cabotwealth.com;97;10;11;100;67
1081;achievable.me;100;49;100;100;95
1082;keepa.com;100;60;94;100;100
1083;humaninvestgroup.com;100;-143;60;100;78
1084;relationshiphero.com;100;82;98;100;67
1085;rockmetalshop.pl;61;41;94;100;51
1086;berrymaple.com;98;78;100;100;94
1087;ecommercefastlane.com;90;-43;87;100;94
1088;donantoniodistribuidora.com;95;-15;100;100;100
1089;backgroundcheckall.com;94;76;96;100;71
1090;asrtabriz.com;79;61;86;100;51
1091;club-hd.com;33;7;97;100;16
1092;tryolabs.com;98;100;99;22;63
1093;homeworkneeded.com;95;30;88;100;100
1094;lankydan.dev;100;100;100;100;100
1095;maxutils.com;100;100;100;100;100
1096;esh-derevenskoe.ru;53;-11;97;100;66
1097;pinarello.com;100;98;100;100;69
1098;wkruk.pl;34;49;86;100;60
1099;codespark.com;97;47;88;100;73
1100;intertop.ua;89;-72;97;100;89
1101;quinnstrendis.com;75;99;99;100;100
1102;rangoabzar.com;48;-27;87;100;83
1103;thereader.com;85;-344;74;100;67
1104;flonga.com;100;100;100;100;100
1105;kukufm.com;100;90;100;100;85
1106;commercemates.com;98;61;97;100;86
1107;earlowen.com;93;84;100;100;87
1108;xn--12c3bpr6bsv7c.com;97;91;99;100;100
1109;dziennikzwiazkowy.com;19;-75;-12;100;23
1110;csswizardry.com;100;100;100;100;72
1111;whatshop.live;100;88;97;100;100
1112;ezzatkhah.com;95;68;100;100;55
1113;beztabu.net;85;100;40;100;75
1114;moyaosvita.com.ua;97;83;43;100;82
1115;tendenzias.com;-23;84;-1106;100;-44
1116;dorzeczy.pl;100;7;94;100;77
1117;wausaupilotandreview.com;82;-371;-137;100;18
1118;top-hashtags.com;87;13;99;100;100
1119;drmagic.ir;100;55;100;100;98
1120;lockdown168.com;100;47;99;100;100
1121;amplience.com;83;100;100;100;94
1122;lamejor.com.mx;86;68;98;100;65
1123;meppelercourant.nl;40;40;99;100;69
1124;hime-channel.com;92;33;88;100;87
1125;mgts.ru;89;97;26;100;78
1126;loperonline.com;85;50;100;100;100
1127;f2school.com;83;92;59;100;85
1128;veganbits.com;87;-3;96;100;87
1129;infinitidesign.it;93;-88;99;100;85
1130;buickforums.com;83;42;97;100;86
1131;engen.co.za;93;79;100;100;87
1132;topkhoj.com;97;13;61;100;84
1133;braveindianews.com;69;-5;47;100;49
1134;karylskulinarykrusade.com;95;83;100;100;100
1135;metromatinee.com;84;61;74;100;82
1136;chicorei.com;93;98;100;100;80
1137;hope-sthlm.com;97;84;100;100;81
1138;pintsizedbaker.com;98;84;100;100;87
1139;consultorio.me;100;53;100;100;100
1140;bankiros.ru;59;79;97;100;87
1141;wifenow.net;95;92;100;100;96
1142;hubhopper.com;98;90;99;100;78
1143;holistichorse.com;99;49;86;100;83
1144;dare2compete.com;98;100;94;100;83
1145;historia.id;97;57;95;100;60
1146;kbisupdate.com;77;100;100;100;100
1147;fasny.com;100;88;100;100;100
1148;imodern.ru;55;64;86;100;73
1149;tehlux.com;-21;-89;96;100;59
1150;tookapic.com;98;98;100;100;99
1151;digitap.eu;100;64;100;100;81
1152;punkpost.com;99;75;98;100;86
1153;kayseriolay.com;77;69;75;100;75
1154;macoblog.com;100;44;100;100;100
1155;feastandfarm.com;100;78;100;100;94
1156;dronebelow.com;55;11;12;100;20
1157;allquransurah.ru;83;0;-272;100;73
1158;lightsourcewithin.com;75;99;100;100;100
1159;dni.ru;83;95;-189;100;56
1160;quran.com;48;83;100;100;100
1161;cazeeponds.com;85;100;100;100;100
1162;imamag.ir;100;93;76;100;76
1163;diysolarforum.com;53;49;100;100;87
1164;ilhambabayev.com;91;4;97;100;84
1165;kowloonbuilding.com;80;99;100;100;95
1166;freejapaneselessons.com;98;100;89;90;87
1167;uznayvse.ru;100;85;100;100;100
1168;kremchik.ua;100;98;99;100;96
1169;dianashealthyliving.com;90;92;99;100;85
1170;defected.com;72;93;99;100;86
1171;lenta.ru;76;99;75;100;21
1172;thestoryshack.com;100;98;100;100;94
1173;ezyschooling.com;90;100;94;100;90
1174;biggo.com.tw;94;82;98;100;84
1175;domoplius.lt;95;74;95;100;73
1176;tehranpodcast.ir;95;-96;98;100;84
1177;frasespedia.com;98;98;88;100;59
1178;vc.ru;81;40;99;100;89
1179;lightstep.com;64;97;99;100;89
1180;pangoly.com;100;60;99;100;93
1181;knewz.com;100;60;99;100;98
1182;chelsweets.com;95;82;100;100;87
1183;finegardening.com;100;50;99;100;82
1184;in-gl.de;27;98;100;100;94
1185;digitaldailys.com;89;7;73;100;67
1186;kross.eu;36;39;85;100;54
1187;faratips.com;100;43;100;100;96
1188;idtube.me;100;58;95;100;100
1189;ac-franchise.com;58;98;98;100;65
1190;brandjoy.jp;100;100;89;-56;71
1191;beyeu.com;80;29;75;100;74
1192;clickplayer.tv;63;-11;71;100;41
1193;pushpushgo.com;97;69;100;100;77
1194;elenafurs.ru;98;90;99;100;72
1195;puzzle-movies.com;92;-64;83;100;98
1196;cosmeticobs.com;96;82;97;100;100
1197;impericon.com;98;99;100;100;93
1198;theoldfashioned.com;77;83;100;100;100
1199;proprietario-telefono.com;82;47;57;100;86
1200;midnight.im;100;54;100;100;99
1201;westviamidwest.com;100;86;100;100;95
1202;marchandash.com;90;53;100;100;80
1203;mobilityarena.com;46;88;61;100;91
1204;finheaven.com;97;41;98;100;67
1205;raj.bet;100;46;99;100;82
1206;parsfl.ir;83;-129;94;100;75
1207;pantheon-esp.com;97;48;100;100;100
1208;prophotopro.net;97;34;-123;100;92
1209;pasttenses.com;100;95;100;100;100
1210;thegay.com;97;80;88;100;63
1211;beyondanimal.com;100;98;100;100;100
1212;importkey.com;98;75;97;100;93
1213;alleideen.com;98;68;24;100;72
1214;raybodgroup.ir;87;-108;94;100;87
1215;101android.ru;100;79;75;100;87
1216;watcha.com;98;100;100;100;91
1217;love2dev.com;100;98;100;100;98
1218;mahjongames.com;94;21;94;100;90
1219;chrome-stats.com;100;85;100;100;95
1220;portakhfif.com;100;57;100;100;100
1221;mjurnal.com;100;73;99;100;94
1222;mobilesacademy.com;83;93;85;100;93
1223;mojeradical.com;100;42;97;100;85
1224;bigblueswimschool.com;91;-16;74;100;80
1225;lesjours.fr;90;19;99;100;100
1226;kalkinemedia.com;-96;46;96;100;64
1227;cybernews.com;54;-3;95;100;72
1228;printersme.com;97;23;87;100;100
1229;roosterteeth.com;90;45;99;100;46
1230;preactjs.com;98;98;100;100;89
1231;forogore.com;38;34;100;100;62
1232;themailorderbride.com;92;91;97;100;96
1233;adultnode.com;100;41;99;100;100
1234;tddomovoy.ru;-105;23;96;100;-23
1235;tbwacolombia.com;82;39;100;100;99
1236;polyurethan.ru;85;53;94;100;71
1237;vickyflipfloptravels.com;83;97;69;100;93
1238;investorshangout.com;89;51;84;100;58
1239;technews.lk;100;97;100;100;89
1240;ihome.ir;100;100;100;100;98
1241;myslo.ru;91;91;75;100;46
1242;dailyrecord.co.uk;61;79;62;100;65
1243;ftx.cool;93;100;100;100;88
1244;haberler33.com;50;17;73;100;69
1245;cash4brands.ru;100;86;100;100;99
1246;personalitydna.com;100;95;99;100;98
1247;wedevs.com;90;32;99;100;71
1248;addsubtitles.tv;100;100;99;100;95
1249;yolele.com;98;99;100;100;97
1250;talesofamountainmama.com;98;83;86;100;88
1251;fshoq.com;88;84;99;100;93
1252;asiatimes.com;29;97;87;100;80
1253;aladd.net;100;46;88;100;90
1254;expatexplore.com;98;4;86;100;56
1255;wypracowania.pl;92;81;100;100;84
1256;eteignezvotreordinateur.com;100;38;98;100;86
1257;cvindependent.com;78;97;64;100;90
1258;epicentrk.ua;74;100;86;59;35
1259;freepc.jp;89;43;84;100;83
1260;funibo.com;98;6;97;100;81
1261;fincalculator.ru;92;78;97;100;96
1262;emojis.wiki;98;94;96;100;93
1263;hypervsn.com;94;7;99;100;13
1264;vasafitness.com;87;26;75;100;71
1265;fnn24.com;99;-16;73;100;96
1266;visitsoutherndelaware.com;66;-21;96;100;69
1267;klikterbaru.com;100;89;100;100;87
1268;buckeyeads.com;48;66;98;100;100
1269;wingstuff.com;33;25;71;100;78
1270;retailrocket.ru;90;30;99;100;72
1271;laopinion.com;81;85;99;100;93
1272;icomparefx.com;98;82;100;100;73
1273;xxxbestrank.mobi;76;9;88;100;90
1274;medongroup-spb.ru;60;29;74;100;24
1275;domrfbank.ru;98;-571;99;100;90
1276;chicagohealthonline.com;79;98;60;100;70
1277;paranormalis.com;79;20;97;100;70
1278;pirilancer.com;64;-126;82;100;72
1279;cuberto.com;100;96;99;100;94
1280;planetared.com;57;-63;87;100;93
1281;impactcee.com;76;-80;95;100;70
1282;coronatracker.com;98;94;100;100;95
1283;mahamayainternet.com;75;100;64;100;83
1284;androidayuda.com;97;53;99;100;100
1285;konopna-farmacja.com;98;54;86;100;72
1286;form-publisher.com;98;100;100;100;87
1287;flyarystan.com;98;74;99;100;84
1288;leboutique.com;22;100;86;-177;28
1289;lordroid.com;100;84;98;100;89
1290;kontrast.at;74;-46;99;100;99
1291;lifeloveandgoodfood.com;92;83;88;100;87
1292;homealarmreport.com;98;98;100;100;91
1293;parsiday.com;100;100;100;100;95
1294;black-friday.global;100;93;100;100;99
1295;bazaar.ru;100;99;100;100;92
1296;bingopetshop.ir;64;100;72;-309;60
1297;encazip.com;100;98;98;100;99
1298;visittulsa.com;98;100;100;100;80
1299;edelstahl-tuerklingel.de;93;87;100;100;89
1300;fsk.ru;98;97;74;100;59
1301;yourroom.ru;81;77;94;100;53
1302;chikiriki.ru;100;79;88;100;62
1303;downzen.com;100;100;100;100;98
1304;tobiz.net;100;59;41;100;100
1305;bhadar.com;98;87;100;100;85
1306;property.ca;86;94;100;100;96
1307;poisk-podbor.ru;100;100;98;100;87
1308;wav-library.net;71;87;71;100;79
1309;absba.cc;84;41;99;100;93
1310;hellcase.com;52;-242;94;100;84
1311;wherethesmileshavebeen.com;98;85;100;100;93
1312;10times.com;100;88;99;100;97
1313;ebuxxx.net;100;99;98;100;90
1314;freecryp.top;77;-12;100;100;97
1315;daneshjookit.com;33;3;83;100;61
1316;doktersehat.com;82;-47;59;100;99
1317;quantifycrypto.com;92;53;100;100;100
1318;worldrenew.net;98;-193;71;100;76
1319;tfgm.com;85;54;100;100;96
1320;tabnakbato.ir;81;75;99;100;76
1321;fullhub.ru;94;89;62;100;78
1322;limeroad.com;100;79;87;100;83
1323;farnhammaltings.com;93;86;100;100;100
1324;miridei.com;100;93;100;100;99
1325;afroic.com;74;100;100;80;83
1326;montyroberts.com;98;0;85;100;84
1327;mnogomebeli.com;78;87;88;100;66
1328;tonight.co.za;98;77;96;100;77
1329;hamyarkhas.ir;97;48;100;100;100
1330;perkuto.com;83;47;85;100;81
1331;forum-mechanika.pl;97;49;99;100;87
1332;walling.app;98;42;98;100;83
1333;2bahiskenti.com;40;100;100;36;40
1334;lexiangla.com;90;86;100;100;92
1335;litemind.com;98;88;100;100;100
1336;flixboss.com;28;83;98;100;94
1337;amozeshfarsi.ir;49;8;99;100;87
1338;multi-programming.com;100;95;99;100;93
1339;meygeia.gr;97;100;96;100;81
1340;phdtest.ir;86;-11;96;100;86
1341;binomo-webtrade.com;100;99;100;100;98
1342;man-top.ru;63;91;59;100;82
1343;ifood.com.br;95;51;99;100;70
1344;drcontractors.co.uk;67;99;100;100;89
1345;farajiacademy.com;33;-317;94;100;83
1346;eciu.net;100;57;100;100;91
1347;laraza.com;79;86;99;100;100
1348;dailydeals.ai;97;94;100;100;100
1349;bundlehunt.com;95;-17;97;100;80
1350;ktomalek.pl;75;53;95;100;71
1351;worldrecipes.eu;-36;94;59;100;-43
1352;pcredivewiki.tw;86;89;97;100;71
1353;tbfocus.com;100;98;100;100;100
1354;cloudfour.com;100;90;100;100;93
1355;techrato.com;100;100;82;11;45
1356;curriculum.mobi;83;97;100;100;87
1357;estafeta.com.ua;48;83;86;100;59
1358;medienfreunde.de;100;94;100;100;87
1359;qualifywizard.com;67;82;99;100;72
1360;erosnow.com;92;91;100;100;87
1361;hessunacademy.com;95;82;99;100;87
1362;hamrahcard.ir;99;7;99;100;72
1363;behtarino.com;100;95;100;100;98
1364;flashalert.me;78;43;98;100;81
1365;rarecloths.com;98;93;100;100;80
1366;easynotic.com;47;-35;45;100;84
1367;carhatke.com;40;-12;96;100;69
1368;kognitiv.com;98;-20;84;100;91
1369;twin.com;99;97;96;100;67
1370;dynamicwealthreport.com;95;90;99;100;65
1371;politros.com;100;67;88;100;75
1372;xanpool.com;97;100;99;100;100
1373;pokatim.ru;100;98;100;100;100
1374;mundogeo.com;100;82;99;100;86
1375;verv.com;98;57;100;100;100
1376;dbushell.com;100;100;100;100;100
1377;epoch.org.il;97;14;94;100;76
1378;dobreprogramy.pl;100;100;99;100;86
1379;chaldal.com;90;-26;99;100;69
1380;daihatsu.co.id;98;80;100;100;90
1381;fardisfilm.ir;92;82;99;100;84
1382;kirov.online;82;73;99;100;5
1383;baarzesh.net;78;9;98;100;48
1384;affaredusk.com;73;100;100;100;87
1385;aweb.ua;100;78;96;100;45
1386;hashedin.com;98;13;86;100;40
1387;clpg.ec;80;-5;98;100;84
1388;hosgeldi.com;83;100;100;99;100
1389;boxden.com;30;94;83;100;1
1390;barta24.com;41;19;73;100;-43
1391;alpindustria.ru;98;92;97;100;52
1392;testmy.net;100;83;100;100;93
1393;highstakesdb.com;100;97;100;100;99
1394;komodoplatform.com;100;85;100;100;87
1395;beritajatim.com;90;54;87;100;-27
1396;mockupbro.com;91;94;98;100;80
1397;lakeshore-rv.com;96;77;97;100;79
1398;tonahazana.com;88;14;99;100;98
1399;cryptofundresearch.com;60;6;97;100;75
1400;kamagrapharm.com;90;15;87;100;93
1401;vanitynoapologies.com;97;62;67;100;86
1402;helen-marlen.com;91;27;85;100;82
1403;makeupstore.ru;48;99;99;100;92
1404;azimo.com;93;100;99;100;85
1405;kayisihaber.com;64;70;0;100;59
1406;cybmeta.com;100;64;100;100;100
1407;foyr.com;98;5;97;100;67
1408;ivazplus.com;100;65;88;100;81
1409;misionescuatro.com;62;99;-127;100;71
1410;legionisci.com;98;89;87;100;90
1411;texilist.com;100;88;87;100;86
1412;latele.ch;100;55;100;100;92
1413;ihtusa.com;78;-46;71;100;35
1414;hhh.com.tw;100;23;98;100;46
1415;bessergesundleben.de;97;100;97;100;60
1416;huaweimobilefarsi.com;98;4;100;100;74
1417;earnkaro.com;63;34;95;100;79
1418;restless.co.uk;36;-74;99;100;96
1419;coconala.com;-64;9;99;100;42
1420;commercenext.com;95;15;85;100;82
1421;fm103.com.br;100;-18;99;100;90
1422;cubscoutideas.com;98;86;100;100;93
1423;arahonar.com;95;-65;97;100;78
1424;xn--80affa3aja3an.xn--80asehdb;100;50;94;100;100
1425;fastcast4u.com;100;100;100;100;100
1426;beatkids.ir;86;54;100;100;81
1427;digido.ir;-18;100;42;-31;72
1428;aade.com;83;100;100;100;100
1429;maximonivel.com;83;-21;96;100;79
1430;xosobamien.me;100;88;100;100;100
1431;coin.dance;86;40;99;100;100
1432;radio3da.com;97;85;99;100;92
1433;bastter.com;-43;35;82;100;50
1434;tasksboard.app;87;95;100;100;94
1435;watsgp.com.br;100;88;88;100;100
1436;apetube.page;82;97;19;100;87
1437;pornxp.com;100;100;100;100;95
1438;musescore.com;97;100;100;100;81
1439;kwrank.ir;97;90;100;100;99
1440;abasmanesh.com;49;-39;99;100;100
1441;creativo.one;48;94;85;100;84
1442;conversor-de-medidas.com;97;100;73;100;88
1443;wellnessmama.com;98;69;74;100;81
1444;wavetrophy.com;78;91;98;100;100
1445;music.ch;80;60;94;100;70
1446;board.if.ua;100;99;100;100;100
1447;motorway.co.uk;98;60;100;100;82
1448;wemakeit.com;100;35;99;100;83
1449;kirajmutanaqil.com;87;-33;99;100;93
1450;enigma.ua;89;40;74;100;72
1451;all-routes.ru;100;97;88;100;100
1452;leadlander.com;37;42;99;100;-17
1453;alaatv.com;70;57;99;100;93
1454;bizimtv.com.tr;100;100;100;80;97
1455;toulouseweb.com;88;-33;100;100;100
1456;fabulousthunderbirds.com;77;99;100;100;96
1457;xxxn.club;89;95;36;100;100
1458;atheycreek.com;100;59;99;100;82
1459;footballpredictions.com;-30;31;74;100;64
1460;umnazia.ru;68;47;99;100;66
1461;phinix.ir;100;31;100;100;86
1462;kitabisa.com;90;100;87;100;72
1463;tabloidnyata.com;83;100;91;86;82
1464;bgr.com;83;84;98;100;63
1465;itresan.com;89;-71;99;100;96
1466;cssbidesign.com;67;-120;97;100;74
1467;musicaenmexico.com.mx;90;60;99;100;96
1468;100homemade.com;98;100;88;100;98
1469;rabi.ir;2;53;99;100;-11
1470;physique57.com;97;29;87;100;61
1471;canadamedlaser.ca;97;77;87;100;66
1472;clacified.com;98;100;100;100;100
1473;multifoto.ru;47;86;95;100;41
1474;1800baskets.com;100;97;99;100;74
1475;alanaditicaret.com;55;42;73;100;78
1476;hivelife.com;27;85;98;100;100
1477;xn--j1ailbaf.xn--p1ai;93;100;89;98;76
1478;explorewhitefish.com;100;99;100;100;100
1479;brave-mo.com;68;99;100;100;91
1480;k-nt.ru;100;100;87;62;73
1481;maharashtratimes.com;89;-8;43;100;74
1482;resanskrit.com;90;-52;97;100;40
1483;catch.tube;100;99;99;100;87
1484;fora.ie;97;84;98;100;73
1485;therake.com;99;71;99;100;60
1486;tello.com;98;51;98;100;80
1487;lohitart.com;98;74;74;100;76
1488;mybangla24.com;93;100;98;100;99
1489;lgmobilemarket.com;100;-42;97;100;90
1490;wikidana.com;98;100;88;99;84
1491;topasianbrides.com;90;56;100;100;87
1492;cphpost.dk;92;79;99;100;36
1493;lifextreme.com.mx;70;99;100;100;100
1494;tabnakjavan.com;-14;100;82;-64;-20
1495;keskusta.fi;98;-16;97;100;98
1496;betterexam.net;98;-29;85;100;100
1497;longhaircareforum.com;95;44;20;100;90
1498;altheaestudio.com;78;99;100;100;100
1499;raypeatforum.com;88;100;100;100;88
1500;artsdiscounttowing.com;97;100;100;100;100
1501;redesworld.com;100;98;100;100;100
1502;tarfandgram.com;49;85;98;100;80
1503;intermarksavills.ru;-595;100;65;35;40
1504;investmani.ru;63;36;63;100;72
1505;telemetry2u.com;100;89;100;100;86
1506;moycapital.com;67;24;59;100;61
1507;chikav.ir;90;-155;98;100;72
1508;dbzeta.net;100;38;87;100;86
1509;imoneyslots.com;48;75;88;100;95
1510;reynwood.com;94;-153;96;100;80
1511;khabarban.com;100;99;88;100;92
1512;turborayan.com;32;1;85;100;86
1513;trakt.tv;100;-32;96;100;80
1514;hr7xx.net;48;42;72;100;64
1515;firstchk.com;100;74;100;100;99
1516;plenilunia.com;80;65;100;100;100
1517;faraket.com;65;4;96;100;93
1518;tecnohotelnews.com;45;-147;-282;100;58
1519;kanishop.ir;82;90;86;100;98
1520;iheart.com;100;98;88;100;78
1521;wam.app;100;96;100;100;100
1522;user.com;83;54;99;100;61
1523;telonko.com;100;83;99;100;99
1524;rivne1.tv;98;100;99;-47;74
1525;ximnet.com.my;82;54;99;100;80
1526;piltanshop.com;-244;29;73;100;64
1527;petcenteragroterra.com.br;-3;-94;98;100;63
1528;tuberel.com;10;-96;71;100;-67
1529;chillisauce.com;98;99;73;100;98
1530;bama.ir;-117;90;99;100;88
1531;audio-books.club;100;97;99;100;100
1532;aszdziennik.pl;90;100;98;100;67
1533;undersunfitness.com;83;60;87;100;62
1534;adncuba.com;60;27;61;100;71
1535;txxx.com;98;72;88;100;77
1536;honari.com;88;19;99;100;80
1537;printbar.ru;16;29;97;100;60
1538;mangalorevarthe.com;85;-14;97;100;83
1539;9jabetking.com;75;-63;98;100;60
1540;humanevents.com;98;100;77;9;63
1541;adnigam.com;83;100;100;100;100
1542;maketimetoseetheworld.com;98;70;100;100;87
1543;corksport.com;97;33;98;100;78
1544;view1sy.com;100;15;100;100;87
1545;picnic-brand.com;47;-45;97;100;98
1546;koshishirai.com;100;58;100;100;99
1547;primedice.com;98;100;88;100;91
1548;mahanmk.com;97;55;-372;100;49
1549;vocal.chat;98;99;87;100;100
1550;babygizmo.com;98;99;100;100;90
1551;tantis.pl;47;80;100;100;81
1552;pornq.com;82;97;75;100;-39
1553;taxivkino.ru;98;80;88;100;91
1554;theroanoker.com;98;63;74;100;-14
1555;kanguka.com;100;93;100;100;100
1556;megaflowers.ru;72;87;100;100;84
1557;primamedia.ru;84;17;63;100;61
1558;batteries.com;77;65;99;100;100
1559;tickets.ua;80;72;100;100;82
1560;fanology.ir;98;94;97;100;68
1561;vipflash.de;100;69;97;100;81
1562;thehornnews.com;97;85;-312;100;70
1563;cpidroid.com;50;22;98;100;-71
1564;heute-erlebt.de;93;48;61;100;98
1565;infoludek.pl;82;-149;45;100;18
1566;totalfootballanalysis.com;94;68;87;100;87
1567;editor-911.com;80;100;100;100;98
1568;percentil.com;98;97;100;100;58
1569;kinotopkin.com;91;96;98;100;69
1570;tvvendee.fr;39;-13;95;100;90
1571;digikonkur.com;100;14;87;100;85
1572;maanpuolustus.net;94;44;-20;100;70
1573;findmyadventure.pk;90;46;84;100;86
1574;astv.ru;100;-9;71;100;67
1575;afkgaming.com;90;98;100;100;100
1576;karamursel.tv;73;73;100;100;86
1577;unsplash.com;82;99;100;100;82
1578;modhairs.ru;80;24;62;100;63
1579;locaalcart.com;100;49;100;100;97
1580;charkhan.com;67;100;99;94;80
1581;asamifoods.com;72;100;100;100;100
1582;chockbarhoum.com;70;99;100;100;99
1583;moviola.com;92;100;6;-225;47
1584;comuesp.com;57;-63;57;100;-31
1585;profusioncurry.com;100;70;97;100;94
1586;vepaar.com;100;55;98;100;77
1587;homefinder.com;95;92;100;100;96
1588;vm.ru;100;66;87;100;75
1589;combinationfirmware.com;89;84;62;100;72
1590;kooshanic.com;98;99;100;100;84
1591;firusas.com;100;80;99;100;93
1592;choualbox.com;51;80;100;100;57
1593;daboom.ru;83;16;84;100;75
1594;mens-fashion-site.com;55;46;99;100;72
1595;egamersworld.com;95;85;100;100;69
1596;ru-geld.de;100;99;100;100;100
1597;logaretm.com;100;100;100;100;100
1598;lvbet.com;50;88;97;100;86
1599;ibc.com;98;62;61;100;93
1600;irsocial.net;98;13;99;100;89
1601;queplan.cl;90;50;85;100;72
1602;politiko.al;88;96;99;100;92
1603;utrust.com;48;8;95;100;62
1604;anzacday.org.au;85;72;99;100;93
1605;lgtm.com;100;100;100;100;100
1606;veltins-arena.de;93;-60;99;100;90
1607;pornov1080.com;100;98;86;100;87
1608;xforum.live;90;44;99;100;92
1609;englishtipsforyou.com;50;21;75;100;81
1610;vmlyrcommerce.com;95;78;99;100;94
1611;designingvibes.com;95;100;66;95;91
1612;cheflolaskitchen.com;99;73;88;100;93
1613;magecom.net;88;52;100;100;100
1614;karpishe.com;98;62;97;100;95
1615;krasnodarmedia.su;90;17;63;100;65
1616;uydudoktoru.com;57;48;100;100;99
1617;plazacutlery.com;77;100;100;100;100
1618;den.social;85;54;100;100;7
1619;voyeurhit.com;68;96;88;100;76
1620;pure-energie.nl;83;86;98;100;78
1621;tipaxco.com;93;36;85;100;61
1622;pinafore.social;100;100;100;100;100
1623;aigitali.com;62;-19;99;100;98
1624;morgenwirdes.de;100;100;100;100;100
1625;retentionrocket.com;75;-25;-122;100;92
1626;middleeasy.com;100;91;100;100;100
1627;firedpie.com;95;-9;85;100;76
1628;meadowlilly.com;83;99;100;100;100
1629;lastmomenttuitions.com;82;-121;98;100;89
1630;8wayrun.com;88;50;100;100;90
1631;tvn24.pl;16;85;96;100;76
1632;konthong.com;97;94;78;100;99
1633;beeg.com;98;57;100;100;100
1634;ya-webdesign.com;98;80;100;100;86
1635;cers.com.br;89;-45;94;100;53
1636;kto-zvonil.com;94;84;62;100;94
1637;wapteka.pl;-29;100;87;100;72
1638;inews.co.uk;97;99;99;100;82
1639;inkarnate.com;100;100;99;100;92
1640;whatismyelevation.com;88;98;86;100;90
1641;leap.ly;100;54;100;100;87
1642;xn--vf4b27jfqja61l.live;100;100;100;100;87
1643;edinstvennaya.ua;86;94;26;100;78
1644;takhfifbazan.com;45;46;100;100;83
1645;coursesity.com;100;52;96;100;99
1646;curiotube.com;82;64;71;100;76
1647;kiss100.co.ke;35;27;82;100;67
1648;rastmard.com;66;100;97;47;4
1649;upornia.com;91;77;63;100;88
1650;8d9.ru;-3;95;100;100;100
1651;visit1000islands.com;100;32;98;100;98
1652;topdealad.com;95;100;100;100;100
1653;progorod33.ru;93;15;71;100;70
1654;maskable.app;100;100;100;100;99
1655;tryhouse.ru;77;24;61;100;78
1656;plumsail.com;93;29;100;100;100
1657;charliehunter.com;78;99;99;100;100
1658;igrupos.com;68;100;99;100;92
1659;thecreatedhome.com;100;30;100;100;80
1660;ugw.com.ua;98;51;99;100;95
1661;vliegwinkel.nl;83;-40;100;100;96
1662;insideiim.com;80;85;94;100;87
1663;kinocheck.de;100;89;100;100;100
1664;pornforrelax.com;41;82;86;100;-60
1665;prepinsta.com;67;-28;96;100;92
1666;kimik.ir;98;15;99;100;100
1667;ruban.com;64;-119;87;100;67
1668;donya-e-eqtesad.com;95;71;-89;100;92
1669;horizn-studios.com;100;17;100;100;99
1670;ki-news.ru;92;60;99;100;95
1671;dailytimes.com.pk;83;66;95;100;64
1672;bestlatinabrides.net;95;69;99;100;71
1673;fireflies.ai;88;50;99;100;60
1674;drdiamond-store.com;82;91;95;100;85
1675;philosophischer-rabatz.de;100;99;100;100;96
1676;tarragonadigital.com;46;95;98;100;96
1677;burstsms.com.au;96;53;99;100;71
1678;anime1.me;100;96;100;100;98
1679;abnews.ru;100;96;79;100;72
1680;moyasotka.com;88;61;71;100;69
1681;imamura-net.com;92;12;99;100;96
1682;pokato.pl;97;24;99;100;74
1683;porn555.com;35;95;62;100;-68
1684;msverige.se;98;98;100;100;98
1685;carriefans.com;72;42;72;100;75
1686;estereofonica.com;83;98;100;100;87
1687;mmm.dk;83;87;99;100;66
1688;dealsmagnet.com;83;92;100;100;84
1689;upera.tv;48;50;100;100;100
1690;houseofpetali.com;82;79;100;100;100
1691;hattanmedia.com;83;22;99;100;99
1692;rabincash.com;98;-92;100;100;98
1693;mrantifun.net;97;48;100;100;98
1694;whatismyip.li;85;96;73;100;91
1695;maximum.fm;83;35;97;100;84
1696;virtualcoin-journal.tech;93;46;100;100;86
1697;remysharp.com;100;100;100;100;89
1698;1outlets.com;91;98;100;100;87
1699;tejaratnews.com;91;34;99;100;86
1700;privacy-pc.com;86;-14;60;100;98
1701;amoozesh365.ir;-14;87;98;100;-80
1702;hascoding.com;90;98;70;100;63
1703;redlight.dev;95;77;100;100;100
1704;yapms.com;100;100;76;100;79
1705;usethinkscript.com;100;40;100;100;82
1706;aquamarine787bluewing.com;92;43;97;100;63
1707;wpnovin.com;42;-61;86;100;72
1708;instaloadgram.com;98;99;100;100;96
1709;idtexpress.com;90;-11;61;100;67
1710;animade.tv;100;84;100;100;95
1711;combomed.ru;100;86;100;100;100
1712;loverepublic.ru;91;27;97;100;69
1713;wekauto.ru;83;24;63;100;79
1714;daftareshoma.com;100;-146;99;100;76
1715;invme.com;97;97;100;100;99
1716;pastedownload.com;100;89;99;100;97
1717;coin360.com;100;87;100;100;100
1718;fabelio.com;100;100;100;100;81
1719;busrep.co.za;98;77;96;100;77
1720;quasar.dev;91;81;100;100;100
1721;iranwatching.com;100;38;88;100;50
1722;monoku.com;100;95;87;100;85
1723;heralddeparis.com;82;100;100;100;100
1724;ticino.com;95;-53;85;100;80
1725;cryptoinformator.com;100;99;100;100;100
1726;wypracowania24.pl;100;97;99;100;45
1727;progorod58.ru;83;13;55;100;27
1728;theclassychapter.com;100;91;100;100;96
1729;cosmohit.ua;100;80;100;100;100
1730;tidyhive.com;100;92;100;100;100
1731;repurposeandupcycle.com;98;81;88;100;90
1732;trikart.com;97;19;29;100;82
1733;cuckoo.team;100;100;99;100;100
1734;akhbarejadid.com;100;54;99;100;74
1735;blueridgecountry.com;100;94;-91;100;82
1736;topjourneymag.com;35;68;73;100;68
1737;upflix.pl;100;67;98;100;93
1738;rahbordemoaser.ir;33;18;99;100;76
1739;vistawebco.com;90;62;75;100;79
1740;technode.com;98;13;99;100;83
1741;europosud.ua;95;72;87;100;36
1742;libreshot.com;62;100;88;34;28
1743;fsinsight.com;79;96;99;100;68
1744;exportcomments.com;98;-108;100;100;99
1745;7eminar.ua;100;48;100;100;69
1746;vikiwat.com;48;94;94;100;63
1747;caramel.la;98;58;100;100;88
1748;kriti360.gr;41;-81;71;100;80
1749;hnossfashion.com;62;47;84;100;47
1750;adam.ai;50;100;100;100;78
1751;applymagicsauce.com;100;73;97;100;93
1752;rule.school;100;99;74;100;82
1753;airpaz.com;95;60;100;100;90
1754;tadbirhome.com;100;7;99;100;80
1755;themehit.com;100;96;100;100;100
1756;trashbox.ru;100;97;71;100;92
1757;manabitimes.jp;99;89;99;100;83
1758;enactjs.com;100;97;100;100;96
1759;forzafootball.com;88;99;100;100;100
1760;man-eco.ru;47;93;73;100;-23
1761;urlebird.com;-311;91;100;100;-137
1762;rg.ru;84;85;86;100;56
1763;esylern.com;83;-136;98;100;97
1764;foodiesuite.com;77;-16;100;100;100
1765;motoprox.com;42;-5;86;100;36
1766;tecnospeed.com.br;98;72;99;100;89
1767;barbasbellfires.com;100;72;100;100;87
1768;crimea-news.com;62;98;87;100;77
1769;plantophiles.com;100;99;88;100;95
1770;msl.ua;88;89;87;100;82
1771;pushbird.com;71;82;100;100;80
1772;arzcenter.com;97;79;99;100;76
1773;insiderfinancial.com;87;32;100;100;4
1774;evanstonroundtable.com;73;97;100;100;93
1775;clearleft.com;100;92;100;100;87
1776;download1music.ir;100;85;99;100;86
1777;typeonegative.net;88;100;50;100;91
1778;cream.finance;100;100;100;100;100
1779;eseminar.tv;68;41;99;100;32
1780;kirbychandler.com;98;99;99;100;87
1781;liriklaguindonesia.net;99;95;74;100;92
1782;whatwebcando.today;100;100;100;100;98
1783;bimehmarketing.com;92;-20;99;100;87
1784;astraparis.gr;39;-72;94;100;68
1785;cfcnews.com;70;27;96;100;87
1786;mundogames.com;93;81;99;100;92
1787;techno-rad.com;100;9;94;100;100
1788;pmpr.ir;100;98;100;100;100
1789;folia-samochodowa.pl;68;-94;96;100;-81
1790;dealerbuilt.com;100;92;100;100;94
1791;caseable.com;95;98;100;100;94
1792;makemeacocktail.com;16;57;96;100;90
1793;desserto.com.mx;80;85;99;100;100
1794;toihoctiengtrung.com;97;90;99;100;100
1795;digitalsurge.com.au;100;93;97;100;77
1796;peliculasycortosgay.com;84;71;88;100;88
1797;budujemydom.pl;47;90;-34;100;2
1798;taghtia.com;100;100;100;100;99
1799;kurzweil.com;92;-62;85;100;95
1800;potret24.com;41;-9;82;100;66
1801;flipermag.com;95;93;87;100;85
1802;rejuvepod.com;72;65;99;100;96
1803;tekfullfilmizle1.com;100;100;88;100;100
1804;avclub.gr;-21;19;100;100;86
1805;confinapp.cat;98;100;100;100;100
1806;iphone-market.com;-1;81;98;100;85
1807;webraovat.com;78;57;98;100;100
1808;horrorfind.com;83;100;100;100;96
1809;aghanina.net;100;85;100;100;100
1810;terakeet.com;98;78;99;100;94
1811;magerta.ir;88;15;100;100;100
1812;primashop.ir;-23;-7;40;100;28
1813;metimax.ru;98;51;88;100;84
1814;regex101.com;92;84;100;100;100
1815;kissanimefree.cc;100;39;100;100;100
1816;brickset.com;50;23;-298;100;41
1817;billsmachinerepair.com;67;100;100;100;100
1818;arpal.ua;95;67;98;100;38
1819;uaf.ua;100;100;89;-26;31
1820;tsarvar.com;98;97;100;100;100
1821;prcomputacion.com;83;-114;98;100;20
1822;ultimatecourses.com;100;100;100;100;100
1823;angelamariemade.com;98;84;100;100;96
1824;colorwhistle.com;30;-32;99;100;69
1825;hollywoodlife.com;97;52;96;100;75
1826;misanimales.com;95;100;89;68;81
1827;chechilas.com;100;69;100;100;85
1828;bvacommerce.com;82;100;100;100;75
1829;topvisor.com;100;31;98;100;80
1830;wnjradio.com;82;99;-4;100;80
1831;eshraghtrans.com;71;100;100;38;81
1832;ispiritpublishing.com;94;12;97;100;78
1833;albanianpost.com;47;4;87;100;83
1834;resumetrud.com;93;52;88;100;85
1835;bigriversales.net;83;99;100;100;100
1836;kingdomofcuteness.com;74;64;73;100;69
1837;daydot.agency;100;100;100;100;100
1838;cocbases.com;99;37;74;100;90
1839;tirto.id;44;-25;95;100;73
1840;adrenaline.com.br;26;89;-50;100;42
1841;ecoosfera.com;94;90;98;100;94
1842;fyyd.de;90;99;100;100;68
1843;multikino.pl;95;100;74;100;80
1844;clicklikethis.com;100;77;100;100;85
1845;expeditionexchange.com;75;99;100;100;100
1846;hindnow.com;89;56;72;100;73
1847;rocketbeans.tv;100;33;96;100;100
1848;rooftopfilms.com;98;93;99;100;97
1849;explosion.ai;100;100;100;100;100
1850;eortizcoach.com;77;100;100;100;100
1851;cryptobits.directory;97;95;100;100;86
1852;baziato.com;100;77;97;100;97
1853;amagicalmess.com;98;76;100;100;94
1854;ppunderwatersolutions.com;83;83;99;100;96
1855;beachbroadcast.com;77;99;100;100;98
1856;l-a-b-a.com;83;41;99;100;69
1857;vla.ir;72;82;98;100;65
1858;mysatoshiworld.com;89;-7;96;100;80
1859;qiita.com;94;100;83;8;14
1860;tvsamara.ru;90;100;64;100;65
1861;matmarco-fitshop.pl;100;40;100;100;98
1862;edgy.app;100;100;100;99;96
1863;khanesony.com;90;98;87;100;100
1864;thechefinthehat.com;68;99;100;100;100
1865;datdrop.com;80;35;100;100;87
1866;exafm.com;97;70;98;100;65
1867;falnic.com;98;45;100;100;79
1868;healthiertalk.com;88;82;62;100;75
1869;drivezy.com;95;69;100;100;89
1870;eventertainmentbiz.com;87;100;50;100;98
1871;wegotthefunk.com;98;64;87;100;73
1872;cuadernosdeseguridad.com;89;-154;-27;100;49
1873;fechadecobro.com.ar;100;65;99;100;87
1874;abler.com.br;98;88;99;100;83
1875;vavilon.cc;35;54;100;100;54
1876;topcor.ru;98;99;97;100;69
1877;calrec.com;78;82;98;100;78
1878;blackcarburning.com;83;100;100;100;100
1879;elderecho.online;87;8;99;100;87
1880;pluang.com;97;88;100;100;76
1881;vsrap.shop;-157;14;96;100;-63
1882;quantnet.com;100;45;100;100;87
1883;loghati.net;65;40;88;100;87
1884;makeup.com.ua;50;99;99;100;96
1885;tanihub.com;98;97;100;100;84
1886;truyenfull.com;100;99;100;100;94
1887;ensorings.com;79;9;86;100;26
1888;irk.today;47;29;85;100;65
1889;very.ninja;100;64;100;100;100
1890;webpoosh.com;85;26;99;100;87
1891;electrosam.ru;97;68;63;100;71
1892;punktmedyczny24.pl;89;100;99;78;70
1893;manforhimself.com;92;-53;95;100;9
1894;blockchain.poker;97;52;99;100;98
1895;esp.md;4;28;-35;100;6
1896;mamstartup.pl;95;95;100;100;97
1897;moe-online.ru;39;-71;75;100;49
1898;whatsgrouplink.com;98;54;84;100;78
1899;elpopular.pe;98;100;100;94;52
1900;pclicious.net;94;62;74;100;86
1901;theguidex.com;100;67;99;100;100
1902;lotto432.com;95;84;99;100;87
1903;renovamidia.com.br;-7;17;87;100;76
1904;qc2.ca;79;71;74;100;90
1905;mihanmonitor.com;100;58;99;100;88
1906;torob.com;93;100;100;100;100
1907;blavity.com;88;98;99;100;64
1908;elancemarket.com;50;22;98;100;-14
1909;una.im;100;97;100;100;100
1910;matlabsite.com;98;64;87;100;96
1911;fili.com;100;100;100;100;82
1912;fourshop.ir;100;83;100;100;87
1913;reproduktor.net;83;-60;97;100;53
1914;towardsai.net;80;100;87;83;81
1915;agriviet.com;100;50;75;100;91
1916;wcooky.ru;22;21;59;100;61
1917;codigoespagueti.com;98;100;100;100;87
1918;filcin.com;84;73;100;100;69
1919;townwork.net;100;74;98;100;88
1920;platiuslugi.ru;97;48;100;100;87
1921;2event.com;8;2;88;100;85
1922;dubai-bb.com;100;99;75;100;99
1923;dirtwheelsmag.com;87;100;88;82;78
1924;cheddar.com;92;76;86;100;67
1925;220vk.com;100;96;98;100;92
1926;buy-club.ru;93;43;88;100;96
1927;manyautosltd.com;88;-69;88;100;100
1928;footwearnews.com;55;87;97;100;74
1929;mir-olymp.ru;92;65;100;100;100
1930;passthesushi.com;100;76;100;100;95
1931;cuarteldelmetal.com;67;11;71;100;34
1932;crazyfox.com;98;1;87;100;71
1933;people.nhs.uk;100;9;99;100;99
1934;emby.media;100;35;100;100;100
1935;weprik.net;100;99;88;100;100
1936;paleomagazine.com;97;-31;71;100;62
1937;raid-codex.com;100;68;98;100;75
1938;phones7.com;92;100;67;99;86
1939;9thcivic.com;48;41;72;100;84
1940;bovegas.com;85;56;99;100;79
1941;bookme.pk;93;65;100;100;90
1942;deka.ua;95;59;85;100;75
1943;flixhq.net;86;46;75;100;22
1944;csgofloat.com;53;96;97;100;83
1945;researchersjob.com;88;-187;38;100;82
1946;instagram-my.ru;76;73;61;100;81
1947;presscontact.co.uk;73;100;100;100;100
1948;barrreport.com;49;7;99;100;83
1949;matchtv.ru;81;68;99;100;69
1950;palcohol.com;90;100;100;100;100
1951;aclsco.com;82;99;100;100;100
1952;funtical.app;83;-613;100;100;90
1953;roamresearch.com;100;35;75;100;100
1954;vamchi.com;100;49;100;100;88
1955;accfarm.com;-8;79;88;100;56
1956;thefeed.com;98;94;86;100;75
1957;monitor.co.id;83;4;97;100;89
1958;mainfin.ru;87;96;99;100;100
1959;tvwbb.com;81;49;99;100;87
1960;factrepublic.com;26;-93;71;100;28
1961;travelmadmum.com;100;83;100;100;90
1962;tnt-o.ru;98;92;100;100;87
1963;tvfun.live;100;99;100;100;87
1964;marocmama.com;97;80;99;100;62
1965;wypowiadamoc.pl;100;62;99;100;96
1966;autogaleria.pl;80;100;-204;100;69
1967;uclan.it;90;-15;85;100;72
1968;adamtheautomator.com;100;82;100;100;87
1969;unmetric.com;97;82;88;100;77
1970;bollywoodoffice.com;47;-56;94;100;65
1971;dbz.space;86;87;-21;100;73
1972;formbuilder.online;100;83;100;100;88
1973;theunlikelybaker.com;95;81;100;100;91
1974;memarup.com;24;98;100;100;100
1975;parvaresheafkar.com;73;100;64;47;46
1976;phcorner.net;45;63;75;100;95
1977;civil4m.com;83;100;100;100;93
1978;2x2tv.ru;98;74;98;100;82
1979;dealmarkaz.pk;36;88;98;100;94
1980;buylike.ir;85;65;99;100;89
1981;thriftyniftymommy.com;93;82;100;100;94
1982;hkmap.live;100;96;98;100;91
1983;kafegheymat.com;56;-20;99;100;84
1984;adamant.ua;95;100;100;100;99
1985;thefixers.gr;54;18;98;100;90
1986;progorod76.ru;91;94;75;100;31
1987;bettybarclay.com;98;36;99;100;87
1988;investmentmoats.com;98;78;88;100;88
1989;ddaudio.com;92;21;100;100;100
1990;flyingpizza.ch;88;98;98;100;85
1991;dailyurdupoetry.com;93;-70;99;100;100
1992;livein.care;77;6;96;100;88
1993;corellium.com;97;37;99;100;99
1994;downvideo.stream;100;64;100;100;100
1995;uvlist.net;100;98;100;100;99
1996;magazinexperts.com;100;-13;84;100;24
1997;microsofters.com;82;7;98;100;87
1998;cryptointalk.com;59;18;100;100;99
1999;cardinfo.ir;100;73;87;100;100
2000;poisk-mastera.ru;100;46;100;100;81
2001;ambientweather.net;97;13;100;100;91
2002;learnjavascript.online;100;100;100;100;100
2003;alleyelashes.com;99;60;99;100;94
2004;istanbulbogazicienstitu.com;80;78;100;100;89
2005;rtcamp.com;100;97;100;100;91
2006;meusanimais.com.br;97;99;97;100;75
2007;ethanmarcotte.com;100;99;100;100;100
2008;bimeon.ru;100;95;100;100;80
2009;lawsofux.com;100;100;100;100;100
2010;thebellyrulesthemind.net;100;76;100;100;91
2011;thesmartmethod.com;85;79;99;100;100
2012;monsterone.com;56;100;100;100;98
2013;wranglertjforum.com;94;1;61;100;71
2014;blogonyourown.com;100;97;100;100;100
2015;ussurmedia.ru;92;17;63;100;65
2016;printreach.com;58;-43;96;100;79
2017;readmoo.com;-63;84;86;100;54
2018;acontipro.com;100;100;100;100;98
2019;malatyacadde.com;64;73;100;100;73
2020;bitmidi.com;96;100;86;100;90
2021;efinancemanagement.com;100;92;99;100;99
2022;extratips.com;16;78;100;100;94
2023;yearcompass.com;100;96;100;100;99
2024;pornozo.net;100;38;100;100;87
2025;worldtravelfamily.com;100;85;100;100;100
2026;trinidadexpress.com;12;20;-1;100;52
2027;dailyplaylists.com;98;100;99;100;98
2028;ccitonline.com;100;48;100;100;100
2029;visualstories.com;92;97;100;100;79
2030;versus.com;100;97;100;100;96
2031;chefsimon.com;83;100;74;100;67
2032;kalaoma.com;50;46;100;100;66
2033;tuvturkistasyonlari.com;100;66;100;100;100
2034;baguiocityguide.com;47;15;98;100;74
2035;datarang.com;100;100;100;100;100
2036;takas.lk;-530;12;98;100;80
2037;huffduffer.com;100;98;100;100;100
2038;tazehkar.com;100;61;99;100;82
2039;material-ui.com;100;99;100;100;43
2040;yenglishtube.com;93;15;97;100;99
2041;trkterra.ru;74;45;94;100;80
2042;theguidedbuyer.com;78;99;100;100;87
2043;primechaniya.ru;95;100;64;100;72
2044;iereisland.com;88;100;100;100;87
2045;10bye.com;100;99;75;100;82
2046;fitpeople.com;95;99;97;100;77
2047;pravnapomoc.app;97;92;100;100;73
2048;xn--80affa3aj0al.net;100;50;94;100;100
2049;eromanga-yoru.com;100;77;100;100;94
2050;anoboy.media;98;88;100;100;87
2051;dailystorm.ru;82;80;75;100;60
2052;buildyourbite.com;100;83;100;100;87
2053;basalam.com;40;25;99;100;64
2054;infoshare.pl;95;-68;98;100;70
2055;tinder.com;100;89;100;100;100
2056;musictarin.com;100;91;100;100;100
2057;modetalente.com;11;89;99;100;73
2058;rpp.pe;84;53;73;100;60
2059;fuckcombustion.com;88;50;100;100;87
2060;thewholetruthfoods.com;97;9;99;100;55
2061;meidaan.com;98;-20;98;100;87
2062;mamikos.com;69;79;87;100;89
2063;convert2mp3.club;100;100;100;100;100
2064;maggieappleton.com;100;100;100;100;100
2065;republic.ru;77;68;99;100;74
2066;amailorderbrides.com;100;69;88;100;100
2067;takiedela.ru;55;86;98;100;80
2068;magazyngitarzysta.pl;59;68;-313;100;25
2069;fansubbers.gr;8;-112;82;100;87
2070;amuse.com;4;100;99;100;80
2071;wolczanka.pl;60;40;87;100;32
2072;tourparavel.com;100;100;67;42;83
2073;mosbatesabz.com;38;-11;86;100;73
2074;thestrategystory.com;100;-2;85;100;77
2075;xosodaiphat.com;66;95;-137;100;72
2076;medicalys-tunisie.com;73;89;100;100;100
2077;readytofind.com;100;69;99;100;100
2078;pishraaneh.com;88;-79;87;100;83
2079;kancelaria-prawna.uk;100;51;100;100;100
2080;lifehackerka.ru;65;22;-144;100;60
2081;moneywisemoms.com;98;72;100;100;87
2082;thefamilybreeze.com;83;-50;82;100;79
2083;technik.community;100;3;99;100;100
2084;hotmovs.com;89;81;63;100;73
2085;lolalambchops.com;97;99;99;100;88
2086;todotrial.com;21;74;95;100;97
2087;binomo-webtrading.com;100;100;89;82;100
2088;ark-nights.com;100;100;100;100;99
2089;pasaria.ir;-222;41;-209;100;33
2090;eresmama.com;92;99;95;100;60
2091;araratour.com;98;47;100;100;87
2092;malatyanethaber.com.tr;39;68;-5;100;57
2093;wolinka.com.tr;100;88;88;100;99
2094;qubicgames.com;95;41;85;100;49
2095;executivecentre.com;94;29;62;100;65
2096;razortools.net;89;-36;9;100;77
2097;handymanservicesofmcallen.com;77;99;100;100;100
2098;topcopon.ir;30;-199;97;100;38
2099;lebtown.com;78;53;99;100;91
2100;restaurantguru.com;92;93;61;100;87
2101;lowcarbwow.com;100;84;100;100;100
2102;partywithunicorns.com;88;80;99;100;84
2103;marksandspencer.ru;84;20;71;100;47
2104;canal4rd.com;92;29;99;100;93
2105;classic-literature.co.uk;94;97;86;100;93
2106;fluidbuzz.com;100;45;100;100;93
2107;auburnpub.com;49;23;74;100;70
2108;mamadu.pl;92;100;98;100;67
2109;molekule.com;81;97;86;100;77
2110;quozio.com;100;94;100;100;99
2111;dimaht.com;97;25;100;100;96
2112;watchonline.guide;100;10;96;100;60
2113;dreamz.com;93;100;100;100;79
2114;hurtel.com;33;-86;94;100;83
2115;vaghayerooz.com;92;54;87;100;63
2116;evo-web.co.uk;67;100;100;90;93
2117;mangazuki.me;52;15;88;100;99
2118;eye.security;100;99;100;100;89
2119;btcmanager.com;57;92;71;100;70
2120;yeticycles.com;100;99;100;100;83
2121;telegrouplink.com;99;56;86;100;82
2122;khedmatazma.com;97;62;99;100;93
2123;lahzeakhar.com;97;58;99;100;100
2124;tanvarz.ir;8;-92;96;100;100
2125;matson.online;98;99;100;100;92
2126;progorodnn.ru;83;79;-74;100;-1
2127;lisa.ru;98;96;85;100;73
2128;carvaganza.com;98;71;100;100;85
2129;asianbride.me;100;86;100;100;87
2130;ritheme.com;98;61;100;100;98
2131;direktno.hr;31;27;82;100;67
2132;planbee.com;100;57;99;100;61
2133;landspeed.com;85;100;100;100;100
2134;poshinprogress.com;98;49;86;100;32
2135;moe-belgorod.ru;64;-70;87;100;80
2136;rocketium.com;95;28;36;100;70
2137;645ventures.com;100;92;100;100;66
2138;drhonow.com;95;34;98;100;27
2139;free-sample-packs.com;78;-92;75;100;99
2140;twitchetts.com;100;78;100;100;87
2141;ringingcedars.international;-105;65;-14;100;58
2142;wallmine.com;95;-2;96;100;69
2143;loichile.cl;78;89;86;100;82
2144;finparty.ru;99;96;75;100;77
2145;alfaleasing.ru;82;82;85;100;78
2146;lostfilm-tv.ru;97;66;82;100;59
2147;victor-mochere.com;31;-47;-301;100;67
2148;chadrokeach.com;83;100;100;100;100
2149;blackvoicenews.com;62;13;98;100;39
2150;militaryautosource.com;95;12;77;100;71
2151;fernandesguitars.com;93;100;100;100;100
2152;warshaonline.com;82;10;99;100;85
2153;clubvolvo.ru;31;100;87;100;51
2154;binomo.com;100;99;100;100;98
2155;mastertest.ir;83;100;74;70;72
2156;coinmarketcap.com;64;95;99;100;72
2157;enxf.net;-98;100;100;100;82
2158;woop.id;97;95;86;100;94
2159;ezalenyeg.hu;92;90;73;100;66
2160;head-phone.ir;86;30;76;100;82
2161;myhotbride.com;82;86;97;100;95
2162;replika.ai;100;100;100;100;99
2163;irancook.ir;88;55;99;100;82
2164;bestlatinwomen.com;95;78;99;100;80
2165;enseme.com;88;100;100;100;100
2166;radioparadise.com;83;-72;97;100;87
2167;cmrsurgical.com;95;26;98;100;95
2168;cc.chat;17;16;98;100;93
2169;masonfit.com;98;97;100;100;87
2170;tokeny.pl;73;-56;-12;100;72
2171;mbib.ru;35;82;88;100;92
2172;vjav.com;98;94;88;100;75
2173;rtours.ru;69;-89;94;100;87
2174;alandroidnet.com;100;96;76;100;86
2175;coolpc.com.tw;82;-104;94;100;74
2176;amazingoutdoorfurniture.com;77;99;99;100;100
2177;turboyadak.com;78;62;99;100;98
2178;anhealth.ru;81;24;74;100;80
2179;mycredit.ua;100;88;100;100;83
2180;tagline.ru;49;-32;73;100;11
2181;pointerpointer.com;100;100;99;100;100
2182;xconomy.com;92;82;97;100;69
2183;mmgp.com;36;47;100;100;83
2184;iceland-photo-tours.com;95;100;100;100;100
2185;likewise.com;98;82;94;100;68
2186;auroraoss.com;100;90;88;100;100
2187;iitahfiz.edu.my;83;19;99;100;87
2188;ronaaq.com;83;-15;99;100;84
2189;applaunching.com;95;-3;84;100;96
2190;variety.com;30;58;97;100;67
2191;kafasozluk.com;66;92;99;100;96
2192;edusanjal.com;100;99;100;100;77
2193;wollstonecraftcoaching.com;72;100;88;100;98
2194;dveri.com;97;100;100;94;54
2195;diariodevallarta.com;41;6;71;100;52
2196;ria.ru;10;76;27;100;64
2197;uknewsline.com;100;-31;84;100;78
2198;vidzi.ir;90;22;100;100;100
2199;adultchatdatingsites.com;97;40;99;100;89
2200;cmhahelps.com;80;100;99;100;100
2201;dailydevbytes.com;100;100;100;100;99
2202;pics-x.com;96;75;76;100;95
2203;ibeautystore.com;65;86;97;100;7
2204;51talk.ph;97;20;98;100;61
2205;honeysanime.com;83;89;99;100;86
2206;roozno.com;71;54;75;100;82
2207;teslaownersonline.com;44;69;99;100;84
2208;catalove.com;100;99;99;100;93
2209;edodatki.pl;100;96;60;100;79
2210;amenteemaravilhosa.com.br;97;99;97;100;73
2211;discountbro.com;79;46;100;100;98
2212;kosicednes.sk;69;-10;72;100;70
2213;businesscasestudies.co.uk;63;-43;95;100;66
2214;hitcare.com;78;99;100;100;100
2215;1906newhighs.com;97;100;88;100;91
2216;piccalil.li;100;100;100;100;100
2217;hypotheker.nl;85;70;99;100;83
2218;karnevaldeutschland.de;100;73;100;100;91
2219;herewebook.dk;97;69;97;100;98
2220;wakawaka.world;100;94;100;100;100
2221;thediydreamer.com;98;76;100;100;94
2222;esam.ir;100;30;98;100;73
